[
    {
        "model": "auth.user",
        "pk": 1,
        "fields": {
            "password": "pbkdf2_sha256$216000$MwOD8bwv7hyv$314n4vFZoY/haInqnVrZ1IDQG9wp37j1mOy8XbV9XLw=",
            "last_login": "2020-12-31T17:29:09.060Z",
            "is_superuser": true,
            "username": "admin",
            "first_name": "",
            "last_name": "",
            "email": "",
            "is_staff": true,
            "is_active": true,
            "date_joined": "2020-12-31T17:29:03.659Z",
            "groups": [],
            "user_permissions": []
        }
    },
    {
        "model": "projects.project",
        "pk": 1,
        "fields": {
            "title": "Personal Website",
            "description": "A short-form description for this project has yet to be added.",
            "description_verbose": "A long-form description for this project has yet to be added.",
            "datetime_created": "2020-12-31T17:32:59.483Z",
            "datetime_changed": "2020-12-31T19:24:54.180Z",
            "_phase": 2,
            "_category": 1,
            "_keywords": [
                3,
                2,
                1,
                5,
                4
            ]
        }
    },
    {
        "model": "projects.project",
        "pk": 2,
        "fields": {
            "title": "Inventory Checker",
            "description": "A short-form description for this project.",
            "description_verbose": "A long-form description for this project.",
            "datetime_created": "2020-12-31T19:27:48.363Z",
            "datetime_changed": "2020-12-31T21:30:34.418Z",
            "_phase": 1,
            "_category": 1,
            "_keywords": [
                3,
                2,
                1,
                5,
                4
            ]
        }
    },
    {
        "model": "projects.project",
        "pk": 3,
        "fields": {
            "title": "Former Personal Website",
            "description": "A short-form description.",
            "description_verbose": "A long-form description.",
            "datetime_created": "2020-12-31T19:29:19.072Z",
            "datetime_changed": "2020-12-31T21:30:37.671Z",
            "_phase": 4,
            "_category": 1,
            "_keywords": [
                2
            ]
        }
    },
    {
        "model": "projects.keyword",
        "pk": 1,
        "fields": {
            "word": "Docker",
            "_projects": [
                2,
                1
            ]
        }
    },
    {
        "model": "projects.keyword",
        "pk": 2,
        "fields": {
            "word": "Django",
            "_projects": [
                2,
                1,
                3
            ]
        }
    },
    {
        "model": "projects.keyword",
        "pk": 3,
        "fields": {
            "word": "Celery",
            "_projects": [
                2,
                1
            ]
        }
    },
    {
        "model": "projects.keyword",
        "pk": 4,
        "fields": {
            "word": "Vue.js",
            "_projects": [
                2,
                1
            ]
        }
    },
    {
        "model": "projects.keyword",
        "pk": 5,
        "fields": {
            "word": "REST API",
            "_projects": [
                2,
                1
            ]
        }
    },
    {
        "model": "blog.post",
        "pk": 5,
        "fields": {
            "title": "Post Title 1",
            "subtitle": "Post Subtitle 1",
            "contents": "A long-form description for this project has yet to be added.",
            "datetime_created": "2021-01-02T21:29:02.551Z",
            "datetime_changed": "2021-01-03T17:54:26.591Z",
            "project": null
        }
    },
    {
        "model": "blog.post",
        "pk": 6,
        "fields": {
            "title": "Post Title 2",
            "subtitle": "Post Subtitle 2",
            "contents": "A long-form description for this project has yet to be added.",
            "datetime_created": "2021-01-02T21:39:27.776Z",
            "datetime_changed": "2021-01-03T17:54:30.698Z",
            "project": null
        }
    },
    {
        "model": "blog.post",
        "pk": 7,
        "fields": {
            "title": "Post Title 3",
            "subtitle": "Post Subtitle 3",
            "contents": "A long-form description for this project has yet to be added.",
            "datetime_created": "2021-01-02T21:39:29.141Z",
            "datetime_changed": "2021-01-03T17:54:34.998Z",
            "project": null
        }
    },
    {
        "model": "blog.post",
        "pk": 8,
        "fields": {
            "title": "Post Title 4",
            "subtitle": "Post Subtitle 4",
            "contents": "A long-form description for this project has yet to be added.",
            "datetime_created": "2021-01-02T21:39:30.343Z",
            "datetime_changed": "2021-01-03T17:54:39.796Z",
            "project": null
        }
    },
    {
        "model": "blog.post",
        "pk": 9,
        "fields": {
            "title": "Post Title 5",
            "subtitle": "Post Subtitle 5",
            "contents": "A long-form description for this project has yet to be added.",
            "datetime_created": "2021-01-02T21:39:31.453Z",
            "datetime_changed": "2021-01-03T17:54:44.043Z",
            "project": null
        }
    },
    {
        "model": "blog.post",
        "pk": 10,
        "fields": {
            "title": "Post Title 6",
            "subtitle": "Post Subtitle 6",
            "contents": "A long-form description for this project has yet to be added.",
            "datetime_created": "2021-01-02T21:39:32.730Z",
            "datetime_changed": "2021-01-03T17:54:48.472Z",
            "project": null
        }
    },
    {
        "model": "blog.post",
        "pk": 11,
        "fields": {
            "title": "Post Title 7",
            "subtitle": "Post Subtitle 7",
            "contents": "A long-form description for this project has yet to be added.",
            "datetime_created": "2021-01-02T21:39:35.477Z",
            "datetime_changed": "2021-01-03T17:54:52.590Z",
            "project": null
        }
    },
    {
        "model": "blog.post",
        "pk": 12,
        "fields": {
            "title": "Post Title 8",
            "subtitle": "Post Subtitle 8",
            "contents": "A long-form description for this project has yet to be added.",
            "datetime_created": "2021-01-02T21:39:37.186Z",
            "datetime_changed": "2021-01-03T17:54:57.237Z",
            "project": null
        }
    },
    {
        "model": "blog.post",
        "pk": 13,
        "fields": {
            "title": "Post Title 9",
            "subtitle": "Post Subtitle 9",
            "contents": "A long-form description for this project has yet to be added.",
            "datetime_created": "2021-01-02T21:39:38.634Z",
            "datetime_changed": "2021-01-03T17:55:00.975Z",
            "project": null
        }
    },
    {
        "model": "blog.post",
        "pk": 14,
        "fields": {
            "title": "Post Title 10",
            "subtitle": "Post Subtitle 10",
            "contents": "A long-form description for this project has yet to be added.",
            "datetime_created": "2021-01-02T21:39:39.761Z",
            "datetime_changed": "2021-01-03T17:55:07.317Z",
            "project": null
        }
    },
    {
        "model": "blog.post",
        "pk": 15,
        "fields": {
            "title": "Post Title 11",
            "subtitle": "Post Subtitle 11",
            "contents": "A long-form description for this project has yet to be added.",
            "datetime_created": "2021-01-02T21:39:41.113Z",
            "datetime_changed": "2021-01-03T17:55:12.002Z",
            "project": null
        }
    },
    {
        "model": "blog.post",
        "pk": 16,
        "fields": {
            "title": "Post Title 12",
            "subtitle": "Post Subtitle 12",
            "contents": "A long-form description for this project has yet to be added.",
            "datetime_created": "2021-01-02T21:39:47.254Z",
            "datetime_changed": "2021-01-03T17:55:16.286Z",
            "project": null
        }
    },
    {
        "model": "blog.post",
        "pk": 17,
        "fields": {
            "title": "Post Title 13",
            "subtitle": "Post Subtitle 13",
            "contents": "A long-form description for this project has yet to be added.",
            "datetime_created": "2021-01-02T21:39:48.459Z",
            "datetime_changed": "2021-01-03T17:55:20.886Z",
            "project": null
        }
    },
    {
        "model": "blog.post",
        "pk": 18,
        "fields": {
            "title": "Post Title 14",
            "subtitle": "Post Subtitle 14",
            "contents": "A long-form description for this project has yet to be added.",
            "datetime_created": "2021-01-03T17:49:28.634Z",
            "datetime_changed": "2021-01-03T17:55:25.159Z",
            "project": null
        }
    },
    {
        "model": "blog.post",
        "pk": 19,
        "fields": {
            "title": "Post Title 15",
            "subtitle": "Post Subtitle 15",
            "contents": "A long-form description for this project has yet to be added.",
            "datetime_created": "2021-01-03T17:49:31.796Z",
            "datetime_changed": "2021-01-03T17:55:30.088Z",
            "project": null
        }
    },
    {
        "model": "blog.post",
        "pk": 20,
        "fields": {
            "title": "Post Title 16",
            "subtitle": "Post Subtitle 16",
            "contents": "A long-form description for this project has yet to be added.",
            "datetime_created": "2021-01-03T17:49:32.691Z",
            "datetime_changed": "2021-01-03T17:55:35.648Z",
            "project": null
        }
    },
    {
        "model": "blog.post",
        "pk": 21,
        "fields": {
            "title": "Post Title 17",
            "subtitle": "Post Subtitle 17",
            "contents": "A long-form description for this project has yet to be added.",
            "datetime_created": "2021-01-03T17:49:33.297Z",
            "datetime_changed": "2021-01-03T17:55:39.852Z",
            "project": null
        }
    },
    {
        "model": "blog.post",
        "pk": 22,
        "fields": {
            "title": "Post Title 18",
            "subtitle": "Post Subtitle 18",
            "contents": "A long-form description for this project has yet to be added.",
            "datetime_created": "2021-01-03T17:49:33.695Z",
            "datetime_changed": "2021-01-03T17:55:44.677Z",
            "project": null
        }
    },
    {
        "model": "blog.post",
        "pk": 23,
        "fields": {
            "title": "Post Title 19",
            "subtitle": "Post Subtitle 19",
            "contents": "A long-form description for this project has yet to be added.",
            "datetime_created": "2021-01-03T17:49:34.078Z",
            "datetime_changed": "2021-01-03T17:55:49.909Z",
            "project": null
        }
    },
    {
        "model": "blog.post",
        "pk": 24,
        "fields": {
            "title": "Post Title 20",
            "subtitle": "Post Subtitle 20",
            "contents": "A long-form description for this project has yet to be added.",
            "datetime_created": "2021-01-03T17:49:34.478Z",
            "datetime_changed": "2021-01-03T17:55:55.019Z",
            "project": null
        }
    },
    {
        "model": "blog.post",
        "pk": 25,
        "fields": {
            "title": "Post Title 21",
            "subtitle": "Post Subtitle 21",
            "contents": "A long-form description for this project has yet to be added.",
            "datetime_created": "2021-01-03T17:49:34.855Z",
            "datetime_changed": "2021-01-03T17:55:59.868Z",
            "project": null
        }
    },
    {
        "model": "blog.post",
        "pk": 26,
        "fields": {
            "title": "Post Title 22",
            "subtitle": "Post Subtitle 22",
            "contents": "A long-form description for this project has yet to be added.",
            "datetime_created": "2021-01-03T17:49:35.234Z",
            "datetime_changed": "2021-01-03T17:56:04.358Z",
            "project": null
        }
    },
    {
        "model": "blog.post",
        "pk": 27,
        "fields": {
            "title": "Post Title 23",
            "subtitle": "Post Subtitle 23",
            "contents": "A long-form description for this project has yet to be added.",
            "datetime_created": "2021-01-03T17:49:35.547Z",
            "datetime_changed": "2021-01-03T17:56:08.792Z",
            "project": null
        }
    },
    {
        "model": "blog.post",
        "pk": 28,
        "fields": {
            "title": "Post Title 24",
            "subtitle": "Post Subtitle 24",
            "contents": "A long-form description for this project has yet to be added.",
            "datetime_created": "2021-01-03T17:49:35.869Z",
            "datetime_changed": "2021-01-03T17:56:13.159Z",
            "project": null
        }
    },
    {
        "model": "blog.post",
        "pk": 29,
        "fields": {
            "title": "Post Title 25",
            "subtitle": "Post Subtitle 25",
            "contents": "A long-form description for this project has yet to be added.",
            "datetime_created": "2021-01-03T17:49:36.253Z",
            "datetime_changed": "2021-01-03T17:56:17.608Z",
            "project": null
        }
    },
    {
        "model": "blog.post",
        "pk": 30,
        "fields": {
            "title": "Post Title 26",
            "subtitle": "Post Subtitle 26",
            "contents": "A long-form description for this project has yet to be added.",
            "datetime_created": "2021-01-03T17:49:36.713Z",
            "datetime_changed": "2021-01-03T17:56:23.954Z",
            "project": null
        }
    },
    {
        "model": "blog.post",
        "pk": 31,
        "fields": {
            "title": "Post Title 27",
            "subtitle": "Post Subtitle 27",
            "contents": "A long-form description for this project has yet to be added.",
            "datetime_created": "2021-01-03T17:49:37.120Z",
            "datetime_changed": "2021-01-03T17:56:29.737Z",
            "project": null
        }
    },
    {
        "model": "blog.post",
        "pk": 32,
        "fields": {
            "title": "Post Title 28",
            "subtitle": "Post Subtitle 28",
            "contents": "A long-form description for this project has yet to be added.",
            "datetime_created": "2021-01-03T17:49:37.504Z",
            "datetime_changed": "2021-01-03T17:56:33.921Z",
            "project": null
        }
    },
    {
        "model": "blog.post",
        "pk": 33,
        "fields": {
            "title": "Post Title 29",
            "subtitle": "Post Subtitle 29",
            "contents": "A long-form description for this project has yet to be added.",
            "datetime_created": "2021-01-03T17:49:37.947Z",
            "datetime_changed": "2021-01-03T17:56:38.811Z",
            "project": null
        }
    },
    {
        "model": "blog.post",
        "pk": 34,
        "fields": {
            "title": "Post Title 30",
            "subtitle": "Post Subtitle 30",
            "contents": "A long-form description for this project has yet to be added.",
            "datetime_created": "2021-01-03T17:49:38.447Z",
            "datetime_changed": "2021-01-03T17:56:43.638Z",
            "project": null
        }
    },
    {
        "model": "blog.post",
        "pk": 35,
        "fields": {
            "title": "Post Title 31",
            "subtitle": "Post Subtitle 31",
            "contents": "A long-form description for this project has yet to be added.",
            "datetime_created": "2021-01-03T17:49:39.029Z",
            "datetime_changed": "2021-01-03T17:56:47.885Z",
            "project": null
        }
    },
    {
        "model": "blog.post",
        "pk": 36,
        "fields": {
            "title": "Post Title 32",
            "subtitle": "Post Subtitle 32",
            "contents": "A long-form description for this project has yet to be added.",
            "datetime_created": "2021-01-03T17:49:39.487Z",
            "datetime_changed": "2021-01-03T17:56:51.614Z",
            "project": null
        }
    },
    {
        "model": "blog.post",
        "pk": 37,
        "fields": {
            "title": "Post Title 33",
            "subtitle": "Post Subtitle 33",
            "contents": "A long-form description for this project has yet to be added.",
            "datetime_created": "2021-01-03T17:49:40.075Z",
            "datetime_changed": "2021-01-03T17:56:55.373Z",
            "project": null
        }
    },
    {
        "model": "blog.post",
        "pk": 38,
        "fields": {
            "title": "Post Title 34",
            "subtitle": "Post Subtitle 34",
            "contents": "A long-form description for this project has yet to be added.",
            "datetime_created": "2021-01-03T17:49:40.500Z",
            "datetime_changed": "2021-01-03T17:57:00.010Z",
            "project": null
        }
    },
    {
        "model": "blog.post",
        "pk": 39,
        "fields": {
            "title": "Post Title 35",
            "subtitle": "Post Subtitle 35",
            "contents": "A long-form description for this project has yet to be added.",
            "datetime_created": "2021-01-03T17:49:40.896Z",
            "datetime_changed": "2021-01-03T17:57:04.675Z",
            "project": null
        }
    },
    {
        "model": "blog.post",
        "pk": 40,
        "fields": {
            "title": "Post Title 36",
            "subtitle": "Post Subtitle 36",
            "contents": "A long-form description for this project has yet to be added.",
            "datetime_created": "2021-01-03T17:49:41.316Z",
            "datetime_changed": "2021-01-03T17:57:09.622Z",
            "project": null
        }
    },
    {
        "model": "blog.post",
        "pk": 41,
        "fields": {
            "title": "Post Title 37",
            "subtitle": "Post Subtitle 37",
            "contents": "A long-form description for this project has yet to be added.",
            "datetime_created": "2021-01-03T17:49:41.714Z",
            "datetime_changed": "2021-01-03T17:57:13.618Z",
            "project": null
        }
    },
    {
        "model": "blog.post",
        "pk": 42,
        "fields": {
            "title": "Post Title 38",
            "subtitle": "Post Subtitle 38",
            "contents": "A long-form description for this project has yet to be added.",
            "datetime_created": "2021-01-03T17:49:42.146Z",
            "datetime_changed": "2021-01-03T17:57:18.239Z",
            "project": null
        }
    },
    {
        "model": "blog.post",
        "pk": 43,
        "fields": {
            "title": "Post Title 39",
            "subtitle": "Post Subtitle 39",
            "contents": "A long-form description for this project has yet to be added.",
            "datetime_created": "2021-01-03T17:49:42.529Z",
            "datetime_changed": "2021-01-03T17:57:22.356Z",
            "project": null
        }
    },
    {
        "model": "blog.post",
        "pk": 44,
        "fields": {
            "title": "Post Title 40",
            "subtitle": "Post Subtitle 40",
            "contents": "A long-form description for this project has yet to be added.",
            "datetime_created": "2021-01-03T17:49:42.919Z",
            "datetime_changed": "2021-01-03T17:57:29.197Z",
            "project": null
        }
    },
    {
        "model": "blog.post",
        "pk": 45,
        "fields": {
            "title": "Post Title 41",
            "subtitle": "Post Subtitle 41",
            "contents": "A long-form description for this project has yet to be added.",
            "datetime_created": "2021-01-03T17:49:43.347Z",
            "datetime_changed": "2021-01-03T17:57:32.906Z",
            "project": null
        }
    },
    {
        "model": "blog.post",
        "pk": 46,
        "fields": {
            "title": "Post Title 42",
            "subtitle": "Post Subtitle 42",
            "contents": "A long-form description for this project has yet to be added.",
            "datetime_created": "2021-01-03T17:49:43.779Z",
            "datetime_changed": "2021-01-03T17:57:36.851Z",
            "project": null
        }
    },
    {
        "model": "blog.post",
        "pk": 47,
        "fields": {
            "title": "Post Title 43",
            "subtitle": "Post Subtitle 43",
            "contents": "A long-form description for this project has yet to be added.",
            "datetime_created": "2021-01-03T17:49:44.139Z",
            "datetime_changed": "2021-01-03T17:57:43.246Z",
            "project": null
        }
    },
    {
        "model": "blog.post",
        "pk": 48,
        "fields": {
            "title": "Post Title 44",
            "subtitle": "Post Subtitle 44",
            "contents": "A long-form description for this project has yet to be added.",
            "datetime_created": "2021-01-03T17:49:44.474Z",
            "datetime_changed": "2021-01-03T17:57:47.191Z",
            "project": null
        }
    },
    {
        "model": "blog.post",
        "pk": 49,
        "fields": {
            "title": "Post Title 45",
            "subtitle": "Post Subtitle 45",
            "contents": "A long-form description for this project has yet to be added.",
            "datetime_created": "2021-01-03T17:49:44.789Z",
            "datetime_changed": "2021-01-03T17:57:52.745Z",
            "project": null
        }
    },
    {
        "model": "blog.post",
        "pk": 50,
        "fields": {
            "title": "Post Title 46",
            "subtitle": "Post Subtitle 46",
            "contents": "A long-form description for this project has yet to be added.",
            "datetime_created": "2021-01-03T17:49:45.155Z",
            "datetime_changed": "2021-01-03T17:57:56.442Z",
            "project": null
        }
    }
]