[
    {
        "model": "auth.user",
        "pk": 1,
        "fields": {
            "password": "pbkdf2_sha256$216000$rWToJCYKPQni$gck06cAoVrFd0jED8nr8gBhywD/UWunxlc8CusGZ9eQ=",
            "last_login": "2021-01-04T23:07:35.985Z",
            "is_superuser": true,
            "username": "admin",
            "first_name": "",
            "last_name": "",
            "email": "",
            "is_staff": true,
            "is_active": true,
            "date_joined": "2021-01-04T23:07:31.660Z",
            "groups": [],
            "user_permissions": []
        }
    },
    {
        "model": "projects.project",
        "pk": 1,
        "fields": {
            "title": "Personal Website",
            "description": "My personal portfolio website.",
            "description_verbose": "A more-complicated-than-necessary-but-totally-worth-the-effort resume and portfolio website.",
            "datetime_created": "2021-01-08T23:44:38.221Z",
            "datetime_changed": "2021-01-08T23:44:38.221Z",
            "_phase": 2,
            "_category": 1,
            "_keywords": [
                1,
                8,
                2,
                3,
                9,
                7,
                6,
                4,
                5
            ]
        }
    },
    {
        "model": "projects.project",
        "pk": 2,
        "fields": {
            "title": "Former Personal Website",
            "description": "My cruddy, old personal portfolio website.",
            "description_verbose": "My previous attempt at making a personal portfolio website. It lacks all of the bells and whistles that I have used to polish my new personal website project.",
            "datetime_created": "2021-01-08T23:46:33.617Z",
            "datetime_changed": "2021-01-08T23:57:00.525Z",
            "_phase": 2,
            "_category": 3,
            "_keywords": [
                2,
                7
            ]
        }
    },
    {
        "model": "projects.project",
        "pk": 3,
        "fields": {
            "title": "Inventory Checker",
            "description": "If you can't beat the scalpers, join the scalpers.",
            "description_verbose": "A haphazardly-built website inventory checker designed with automatically and intermittently checking the inventory status of various tech products online (e.g. graphics cards, video game consoles).",
            "datetime_created": "2021-01-08T23:48:24.600Z",
            "datetime_changed": "2021-01-08T23:56:54.627Z",
            "_phase": 2,
            "_category": 1,
            "_keywords": [
                1,
                8,
                2,
                3,
                9,
                7,
                6,
                4,
                5
            ]
        }
    },
    {
        "model": "projects.keyword",
        "pk": 1,
        "fields": {
            "word": "Celery",
            "_projects": [
                3,
                1
            ]
        }
    },
    {
        "model": "projects.keyword",
        "pk": 2,
        "fields": {
            "word": "Django",
            "_projects": [
                2,
                3,
                1
            ]
        }
    },
    {
        "model": "projects.keyword",
        "pk": 3,
        "fields": {
            "word": "Docker",
            "_projects": [
                3,
                1
            ]
        }
    },
    {
        "model": "projects.keyword",
        "pk": 4,
        "fields": {
            "word": "REST API",
            "_projects": [
                3,
                1
            ]
        }
    },
    {
        "model": "projects.keyword",
        "pk": 5,
        "fields": {
            "word": "Vue.js",
            "_projects": [
                3,
                1
            ]
        }
    },
    {
        "model": "projects.keyword",
        "pk": 6,
        "fields": {
            "word": "Redis",
            "_projects": [
                3,
                1
            ]
        }
    },
    {
        "model": "projects.keyword",
        "pk": 7,
        "fields": {
            "word": "PostgreSQL",
            "_projects": [
                2,
                3,
                1
            ]
        }
    },
    {
        "model": "projects.keyword",
        "pk": 8,
        "fields": {
            "word": "Celery Beat",
            "_projects": [
                3,
                1
            ]
        }
    },
    {
        "model": "projects.keyword",
        "pk": 9,
        "fields": {
            "word": "Nginx",
            "_projects": [
                3,
                1
            ]
        }
    },
    {
        "model": "blog.post",
        "pk": 1,
        "fields": {
            "title": "Post Title 1",
            "subtitle": "Post Subtitle 1",
            "contents": "A long-form description for this project has yet to be added.",
            "datetime_created": "2021-01-08T23:57:49.261Z",
            "datetime_changed": "2021-01-08T23:57:49.261Z",
            "project": 1
        }
    },
    {
        "model": "blog.post",
        "pk": 2,
        "fields": {
            "title": "Post Title 2",
            "subtitle": "Post Subtitle 2",
            "contents": "A long-form description for this project has yet to be added.",
            "datetime_created": "2021-01-08T23:57:54.710Z",
            "datetime_changed": "2021-01-08T23:57:54.710Z",
            "project": 2
        }
    },
    {
        "model": "blog.post",
        "pk": 3,
        "fields": {
            "title": "Post Title 3",
            "subtitle": "Post Subtitle 3",
            "contents": "A long-form description for this project has yet to be added.",
            "datetime_created": "2021-01-08T23:57:58.960Z",
            "datetime_changed": "2021-01-08T23:57:58.960Z",
            "project": null
        }
    },
    {
        "model": "blog.post",
        "pk": 4,
        "fields": {
            "title": "Post Title 4",
            "subtitle": "Post Subtitle 4",
            "contents": "A long-form description for this project has yet to be added.",
            "datetime_created": "2021-01-08T23:58:01.676Z",
            "datetime_changed": "2021-01-08T23:58:01.676Z",
            "project": null
        }
    },
    {
        "model": "blog.post",
        "pk": 5,
        "fields": {
            "title": "Post Title 5",
            "subtitle": "Post Subtitle 5",
            "contents": "A long-form description for this project has yet to be added.",
            "datetime_created": "2021-01-08T23:58:04.009Z",
            "datetime_changed": "2021-01-08T23:58:04.009Z",
            "project": null
        }
    },
    {
        "model": "blog.post",
        "pk": 6,
        "fields": {
            "title": "Post Title 6",
            "subtitle": "Post Subtitle 6",
            "contents": "A long-form description for this project has yet to be added.",
            "datetime_created": "2021-01-08T23:58:07.461Z",
            "datetime_changed": "2021-01-08T23:58:07.461Z",
            "project": null
        }
    },
    {
        "model": "blog.post",
        "pk": 7,
        "fields": {
            "title": "Post Title 7",
            "subtitle": "Post Subtitle 7",
            "contents": "A long-form description for this project has yet to be added.",
            "datetime_created": "2021-01-08T23:58:09.974Z",
            "datetime_changed": "2021-01-08T23:58:09.974Z",
            "project": null
        }
    },
    {
        "model": "blog.post",
        "pk": 8,
        "fields": {
            "title": "Post Title 8",
            "subtitle": "Post Subtitle 8",
            "contents": "A long-form description for this project has yet to be added.",
            "datetime_created": "2021-01-08T23:58:12.825Z",
            "datetime_changed": "2021-01-08T23:58:12.825Z",
            "project": null
        }
    },
    {
        "model": "blog.post",
        "pk": 9,
        "fields": {
            "title": "Post Title 9",
            "subtitle": "Post Subtitle 9",
            "contents": "A long-form description for this project has yet to be added.",
            "datetime_created": "2021-01-08T23:58:15.458Z",
            "datetime_changed": "2021-01-08T23:58:15.458Z",
            "project": null
        }
    },
    {
        "model": "blog.post",
        "pk": 10,
        "fields": {
            "title": "Post Title 10",
            "subtitle": "Post Subtitle 10",
            "contents": "A long-form description for this project has yet to be added.",
            "datetime_created": "2021-01-08T23:58:19.744Z",
            "datetime_changed": "2021-01-08T23:58:19.744Z",
            "project": null
        }
    },
    {
        "model": "blog.post",
        "pk": 11,
        "fields": {
            "title": "Post Title 11",
            "subtitle": "Post Subtitle 11",
            "contents": "A long-form description for this project has yet to be added.",
            "datetime_created": "2021-01-08T23:58:23.034Z",
            "datetime_changed": "2021-01-08T23:58:23.034Z",
            "project": null
        }
    },
    {
        "model": "blog.post",
        "pk": 12,
        "fields": {
            "title": "Post Title 12",
            "subtitle": "Post Subtitle 12",
            "contents": "A long-form description for this project has yet to be added.",
            "datetime_created": "2021-01-08T23:58:27.531Z",
            "datetime_changed": "2021-01-08T23:58:27.531Z",
            "project": null
        }
    },
    {
        "model": "blog.post",
        "pk": 13,
        "fields": {
            "title": "Post Title 13",
            "subtitle": "Post Subtitle 13",
            "contents": "A long-form description for this project has yet to be added.",
            "datetime_created": "2021-01-08T23:58:30.897Z",
            "datetime_changed": "2021-01-08T23:58:30.897Z",
            "project": null
        }
    },
    {
        "model": "blog.post",
        "pk": 14,
        "fields": {
            "title": "Post Title 14",
            "subtitle": "Post Subtitle 14",
            "contents": "A long-form description for this project has yet to be added.",
            "datetime_created": "2021-01-08T23:58:33.375Z",
            "datetime_changed": "2021-01-08T23:58:33.375Z",
            "project": null
        }
    },
    {
        "model": "blog.post",
        "pk": 15,
        "fields": {
            "title": "Post Title 15",
            "subtitle": "Post Subtitle 15",
            "contents": "A long-form description for this project has yet to be added.",
            "datetime_created": "2021-01-08T23:58:38.129Z",
            "datetime_changed": "2021-01-08T23:58:38.129Z",
            "project": null
        }
    },
    {
        "model": "blog.post",
        "pk": 16,
        "fields": {
            "title": "Post Title 16",
            "subtitle": "Post Subtitle 16",
            "contents": "A long-form description for this project has yet to be added.",
            "datetime_created": "2021-01-08T23:58:41.377Z",
            "datetime_changed": "2021-01-08T23:58:41.377Z",
            "project": null
        }
    },
    {
        "model": "blog.post",
        "pk": 17,
        "fields": {
            "title": "Post Title 17",
            "subtitle": "Post Subtitle 17",
            "contents": "A long-form description for this project has yet to be added.",
            "datetime_created": "2021-01-08T23:58:44.745Z",
            "datetime_changed": "2021-01-08T23:58:44.745Z",
            "project": null
        }
    },
    {
        "model": "blog.post",
        "pk": 18,
        "fields": {
            "title": "Post Title 18",
            "subtitle": "Post Subtitle 18",
            "contents": "A long-form description for this project has yet to be added.",
            "datetime_created": "2021-01-08T23:58:49.621Z",
            "datetime_changed": "2021-01-08T23:58:49.621Z",
            "project": null
        }
    },
    {
        "model": "blog.post",
        "pk": 19,
        "fields": {
            "title": "Post Title 19",
            "subtitle": "Post Subtitle 19",
            "contents": "A long-form description for this project has yet to be added.",
            "datetime_created": "2021-01-08T23:58:54.026Z",
            "datetime_changed": "2021-01-08T23:58:54.026Z",
            "project": null
        }
    },
    {
        "model": "blog.post",
        "pk": 20,
        "fields": {
            "title": "Post Title 20",
            "subtitle": "Post Subtitle 20",
            "contents": "A long-form description for this project has yet to be added.",
            "datetime_created": "2021-01-08T23:58:58.710Z",
            "datetime_changed": "2021-01-08T23:58:58.710Z",
            "project": null
        }
    },
    {
        "model": "blog.post",
        "pk": 21,
        "fields": {
            "title": "Post Title 21",
            "subtitle": "Post Subtitle 21",
            "contents": "A long-form description for this project has yet to be added.",
            "datetime_created": "2021-01-08T23:59:02.828Z",
            "datetime_changed": "2021-01-08T23:59:02.828Z",
            "project": null
        }
    },
    {
        "model": "blog.post",
        "pk": 22,
        "fields": {
            "title": "Post Title 22",
            "subtitle": "Post Subtitle 22",
            "contents": "A long-form description for this project has yet to be added.",
            "datetime_created": "2021-01-08T23:59:05.417Z",
            "datetime_changed": "2021-01-08T23:59:05.417Z",
            "project": null
        }
    },
    {
        "model": "blog.post",
        "pk": 23,
        "fields": {
            "title": "Post Title 23",
            "subtitle": "Post Subtitle 23",
            "contents": "A long-form description for this project has yet to be added.",
            "datetime_created": "2021-01-08T23:59:09.128Z",
            "datetime_changed": "2021-01-08T23:59:09.128Z",
            "project": null
        }
    },
    {
        "model": "blog.post",
        "pk": 24,
        "fields": {
            "title": "Post Title 24",
            "subtitle": "Post Subtitle 24",
            "contents": "A long-form description for this project has yet to be added.",
            "datetime_created": "2021-01-08T23:59:13.412Z",
            "datetime_changed": "2021-01-08T23:59:13.412Z",
            "project": 2
        }
    },
    {
        "model": "blog.post",
        "pk": 25,
        "fields": {
            "title": "Post Title 25",
            "subtitle": "Post Subtitle 25",
            "contents": "A long-form description for this project has yet to be added.",
            "datetime_created": "2021-01-08T23:59:17.462Z",
            "datetime_changed": "2021-01-08T23:59:17.462Z",
            "project": 3
        }
    },
    {
        "model": "blog.post",
        "pk": 26,
        "fields": {
            "title": "Post Title 26",
            "subtitle": "Post Subtitle 26",
            "contents": "A long-form description for this project has yet to be added.",
            "datetime_created": "2021-01-08T23:59:24.596Z",
            "datetime_changed": "2021-01-08T23:59:24.596Z",
            "project": 1
        }
    },
    {
        "model": "blog.post",
        "pk": 27,
        "fields": {
            "title": "Post Title 27",
            "subtitle": "Post Subtitle 27",
            "contents": "A long-form description for this project has yet to be added.",
            "datetime_created": "2021-01-08T23:59:30.433Z",
            "datetime_changed": "2021-01-08T23:59:30.433Z",
            "project": 2
        }
    },
    {
        "model": "feed.projectcreatedactivity",
        "pk": 1,
        "fields": {
            "datetime_created": "2021-01-08T23:46:33.623Z",
            "text": "I created a new project titled Former Personal Website!",
            "project": 2
        }
    },
    {
        "model": "feed.projecteditedactivity",
        "pk": 1,
        "fields": {
            "datetime_created": "2021-01-08T23:56:18.956Z",
            "text": "I edited my project titled Inventory Checker!",
            "project": 3
        }
    },
    {
        "model": "feed.projecteditedactivity",
        "pk": 2,
        "fields": {
            "datetime_created": "2021-01-08T23:56:44.704Z",
            "text": "I edited my project titled Inventory Checker!",
            "project": 3
        }
    },
    {
        "model": "feed.projecteditedactivity",
        "pk": 3,
        "fields": {
            "datetime_created": "2021-01-08T23:56:59.920Z",
            "text": "I edited my project titled Inventory Checker!",
            "project": 3
        }
    },
    {
        "model": "feed.projecteditedactivity",
        "pk": 4,
        "fields": {
            "datetime_created": "2021-01-08T23:57:02.127Z",
            "text": "I edited my project titled Former Personal Website!",
            "project": 2
        }
    },
    {
        "model": "feed.projecteditedactivity",
        "pk": 5,
        "fields": {
            "datetime_created": "2021-01-08T23:57:02.540Z",
            "text": "I edited my project titled Former Personal Website!",
            "project": 2
        }
    },
    {
        "model": "feed.projecteditedactivity",
        "pk": 6,
        "fields": {
            "datetime_created": "2021-01-08T23:57:03.541Z",
            "text": "I edited my project titled Former Personal Website!",
            "project": 2
        }
    },
    {
        "model": "feed.projecteditedactivity",
        "pk": 7,
        "fields": {
            "datetime_created": "2021-01-08T23:57:04.129Z",
            "text": "I edited my project titled Former Personal Website!",
            "project": 2
        }
    },
    {
        "model": "feed.projecteditedactivity",
        "pk": 8,
        "fields": {
            "datetime_created": "2021-01-08T23:57:04.543Z",
            "text": "I edited my project titled Former Personal Website!",
            "project": 2
        }
    },
    {
        "model": "feed.projecteditedactivity",
        "pk": 9,
        "fields": {
            "datetime_created": "2021-01-08T23:57:05.461Z",
            "text": "I edited my project titled Former Personal Website!",
            "project": 2
        }
    },
    {
        "model": "feed.projecteditedactivity",
        "pk": 10,
        "fields": {
            "datetime_created": "2021-01-08T23:57:05.544Z",
            "text": "I edited my project titled Former Personal Website!",
            "project": 2
        }
    },
    {
        "model": "feed.postcreatedactivity",
        "pk": 1,
        "fields": {
            "datetime_created": "2021-01-08T23:57:54.341Z",
            "text": "I created a new blog post titled Post Title 1!",
            "post": 1
        }
    },
    {
        "model": "feed.postcreatedactivity",
        "pk": 2,
        "fields": {
            "datetime_created": "2021-01-08T23:58:00.055Z",
            "text": "I created a new blog post titled Post Title 2!",
            "post": 2
        }
    },
    {
        "model": "feed.postcreatedactivity",
        "pk": 3,
        "fields": {
            "datetime_created": "2021-01-08T23:58:04.017Z",
            "text": "I created a new blog post titled Post Title 3!",
            "post": 3
        }
    },
    {
        "model": "feed.postcreatedactivity",
        "pk": 4,
        "fields": {
            "datetime_created": "2021-01-08T23:58:07.068Z",
            "text": "I created a new blog post titled Post Title 4!",
            "post": 4
        }
    },
    {
        "model": "feed.postcreatedactivity",
        "pk": 5,
        "fields": {
            "datetime_created": "2021-01-08T23:58:09.473Z",
            "text": "I created a new blog post titled Post Title 5!",
            "post": 5
        }
    },
    {
        "model": "feed.postcreatedactivity",
        "pk": 6,
        "fields": {
            "datetime_created": "2021-01-08T23:58:12.716Z",
            "text": "I created a new blog post titled Post Title 6!",
            "post": 6
        }
    },
    {
        "model": "feed.postcreatedactivity",
        "pk": 7,
        "fields": {
            "datetime_created": "2021-01-08T23:58:14.984Z",
            "text": "I created a new blog post titled Post Title 7!",
            "post": 7
        }
    },
    {
        "model": "feed.postcreatedactivity",
        "pk": 8,
        "fields": {
            "datetime_created": "2021-01-08T23:58:18.203Z",
            "text": "I created a new blog post titled Post Title 8!",
            "post": 8
        }
    },
    {
        "model": "feed.postcreatedactivity",
        "pk": 9,
        "fields": {
            "datetime_created": "2021-01-08T23:58:20.796Z",
            "text": "I created a new blog post titled Post Title 9!",
            "post": 9
        }
    },
    {
        "model": "feed.postcreatedactivity",
        "pk": 10,
        "fields": {
            "datetime_created": "2021-01-08T23:58:25.103Z",
            "text": "I created a new blog post titled Post Title 10!",
            "post": 10
        }
    },
    {
        "model": "feed.postcreatedactivity",
        "pk": 11,
        "fields": {
            "datetime_created": "2021-01-08T23:58:28.212Z",
            "text": "I created a new blog post titled Post Title 11!",
            "post": 11
        }
    },
    {
        "model": "feed.postcreatedactivity",
        "pk": 12,
        "fields": {
            "datetime_created": "2021-01-08T23:58:32.721Z",
            "text": "I created a new blog post titled Post Title 12!",
            "post": 12
        }
    },
    {
        "model": "feed.postcreatedactivity",
        "pk": 13,
        "fields": {
            "datetime_created": "2021-01-08T23:58:36.220Z",
            "text": "I created a new blog post titled Post Title 13!",
            "post": 13
        }
    },
    {
        "model": "feed.postcreatedactivity",
        "pk": 14,
        "fields": {
            "datetime_created": "2021-01-08T23:58:39.234Z",
            "text": "I created a new blog post titled Post Title 14!",
            "post": 14
        }
    },
    {
        "model": "feed.postcreatedactivity",
        "pk": 15,
        "fields": {
            "datetime_created": "2021-01-08T23:58:43.441Z",
            "text": "I created a new blog post titled Post Title 15!",
            "post": 15
        }
    },
    {
        "model": "feed.postcreatedactivity",
        "pk": 16,
        "fields": {
            "datetime_created": "2021-01-08T23:58:46.947Z",
            "text": "I created a new blog post titled Post Title 16!",
            "post": 16
        }
    },
    {
        "model": "feed.postcreatedactivity",
        "pk": 17,
        "fields": {
            "datetime_created": "2021-01-08T23:58:50.235Z",
            "text": "I created a new blog post titled Post Title 17!",
            "post": 17
        }
    },
    {
        "model": "feed.postcreatedactivity",
        "pk": 18,
        "fields": {
            "datetime_created": "2021-01-08T23:58:55.062Z",
            "text": "I created a new blog post titled Post Title 18!",
            "post": 18
        }
    },
    {
        "model": "feed.postcreatedactivity",
        "pk": 19,
        "fields": {
            "datetime_created": "2021-01-08T23:58:59.770Z",
            "text": "I created a new blog post titled Post Title 19!",
            "post": 19
        }
    },
    {
        "model": "feed.postcreatedactivity",
        "pk": 20,
        "fields": {
            "datetime_created": "2021-01-08T23:59:03.878Z",
            "text": "I created a new blog post titled Post Title 20!",
            "post": 20
        }
    },
    {
        "model": "feed.postcreatedactivity",
        "pk": 21,
        "fields": {
            "datetime_created": "2021-01-08T23:59:08.249Z",
            "text": "I created a new blog post titled Post Title 21!",
            "post": 21
        }
    },
    {
        "model": "feed.postcreatedactivity",
        "pk": 22,
        "fields": {
            "datetime_created": "2021-01-08T23:59:11.192Z",
            "text": "I created a new blog post titled Post Title 22!",
            "post": 22
        }
    },
    {
        "model": "feed.postcreatedactivity",
        "pk": 23,
        "fields": {
            "datetime_created": "2021-01-08T23:59:14.253Z",
            "text": "I created a new blog post titled Post Title 23!",
            "post": 23
        }
    },
    {
        "model": "feed.postcreatedactivity",
        "pk": 24,
        "fields": {
            "datetime_created": "2021-01-08T23:59:18.508Z",
            "text": "I created a new blog post titled Post Title 24!",
            "post": 24
        }
    },
    {
        "model": "feed.postcreatedactivity",
        "pk": 25,
        "fields": {
            "datetime_created": "2021-01-08T23:59:22.518Z",
            "text": "I created a new blog post titled Post Title 25!",
            "post": 25
        }
    },
    {
        "model": "feed.postcreatedactivity",
        "pk": 26,
        "fields": {
            "datetime_created": "2021-01-08T23:59:29.632Z",
            "text": "I created a new blog post titled Post Title 26!",
            "post": 26
        }
    },
    {
        "model": "feed.postcreatedactivity",
        "pk": 27,
        "fields": {
            "datetime_created": "2021-01-08T23:59:35.481Z",
            "text": "I created a new blog post titled Post Title 27!",
            "post": 27
        }
    }
]