[
    {
        "model": "admin.logentry",
        "pk": 1,
        "fields": {
            "action_time": "2021-01-04T23:08:09.283Z",
            "user": 1,
            "content_type": 9,
            "object_id": "1",
            "object_repr": "ResumeOutline object (1)",
            "action_flag": 1,
            "change_message": "[{\"added\": {}}]"
        }
    },
    {
        "model": "admin.logentry",
        "pk": 2,
        "fields": {
            "action_time": "2021-01-04T23:11:21.087Z",
            "user": 1,
            "content_type": 10,
            "object_id": "1",
            "object_repr": "ResumeSection object (1)",
            "action_flag": 1,
            "change_message": "[{\"added\": {}}]"
        }
    },
    {
        "model": "admin.logentry",
        "pk": 3,
        "fields": {
            "action_time": "2021-01-04T23:13:51.454Z",
            "user": 1,
            "content_type": 10,
            "object_id": "2",
            "object_repr": "\"Professional Certifications\" section of Resume Version: 01-04-2021",
            "action_flag": 1,
            "change_message": "[{\"added\": {}}]"
        }
    },
    {
        "model": "admin.logentry",
        "pk": 4,
        "fields": {
            "action_time": "2021-01-04T23:16:51.383Z",
            "user": 1,
            "content_type": 10,
            "object_id": "3",
            "object_repr": "\"Copmuter Skills\" section of Resume Version: 01-04-2021",
            "action_flag": 1,
            "change_message": "[{\"added\": {}}]"
        }
    },
    {
        "model": "admin.logentry",
        "pk": 5,
        "fields": {
            "action_time": "2021-01-04T23:17:12.822Z",
            "user": 1,
            "content_type": 10,
            "object_id": "4",
            "object_repr": "\"Interests & Hobbies\" section of Resume Version: 01-04-2021",
            "action_flag": 1,
            "change_message": "[{\"added\": {}}]"
        }
    },
    {
        "model": "admin.logentry",
        "pk": 6,
        "fields": {
            "action_time": "2021-01-04T23:17:19.086Z",
            "user": 1,
            "content_type": 10,
            "object_id": "3",
            "object_repr": "\"Computer Skills\" section of Resume Version: 01-04-2021",
            "action_flag": 2,
            "change_message": "[{\"changed\": {\"fields\": [\"Heading\"]}}]"
        }
    },
    {
        "model": "admin.logentry",
        "pk": 7,
        "fields": {
            "action_time": "2021-01-08T23:41:30.739Z",
            "user": 1,
            "content_type": 12,
            "object_id": "1",
            "object_repr": "Celery",
            "action_flag": 1,
            "change_message": "[{\"added\": {}}]"
        }
    },
    {
        "model": "admin.logentry",
        "pk": 8,
        "fields": {
            "action_time": "2021-01-08T23:41:39.814Z",
            "user": 1,
            "content_type": 12,
            "object_id": "2",
            "object_repr": "Django",
            "action_flag": 1,
            "change_message": "[{\"added\": {}}]"
        }
    },
    {
        "model": "admin.logentry",
        "pk": 9,
        "fields": {
            "action_time": "2021-01-08T23:41:44.243Z",
            "user": 1,
            "content_type": 12,
            "object_id": "3",
            "object_repr": "Docker",
            "action_flag": 1,
            "change_message": "[{\"added\": {}}]"
        }
    },
    {
        "model": "admin.logentry",
        "pk": 10,
        "fields": {
            "action_time": "2021-01-08T23:41:47.874Z",
            "user": 1,
            "content_type": 12,
            "object_id": "4",
            "object_repr": "REST API",
            "action_flag": 1,
            "change_message": "[{\"added\": {}}]"
        }
    },
    {
        "model": "admin.logentry",
        "pk": 11,
        "fields": {
            "action_time": "2021-01-08T23:41:55.171Z",
            "user": 1,
            "content_type": 12,
            "object_id": "5",
            "object_repr": "Vue.js",
            "action_flag": 1,
            "change_message": "[{\"added\": {}}]"
        }
    },
    {
        "model": "admin.logentry",
        "pk": 12,
        "fields": {
            "action_time": "2021-01-08T23:42:01.215Z",
            "user": 1,
            "content_type": 12,
            "object_id": "6",
            "object_repr": "redis",
            "action_flag": 1,
            "change_message": "[{\"added\": {}}]"
        }
    },
    {
        "model": "admin.logentry",
        "pk": 13,
        "fields": {
            "action_time": "2021-01-08T23:42:07.616Z",
            "user": 1,
            "content_type": 12,
            "object_id": "7",
            "object_repr": "PostgreSQL",
            "action_flag": 1,
            "change_message": "[{\"added\": {}}]"
        }
    },
    {
        "model": "admin.logentry",
        "pk": 14,
        "fields": {
            "action_time": "2021-01-08T23:42:18.908Z",
            "user": 1,
            "content_type": 12,
            "object_id": "8",
            "object_repr": "Celery Beat",
            "action_flag": 1,
            "change_message": "[{\"added\": {}}]"
        }
    },
    {
        "model": "admin.logentry",
        "pk": 15,
        "fields": {
            "action_time": "2021-01-08T23:43:16.337Z",
            "user": 1,
            "content_type": 12,
            "object_id": "9",
            "object_repr": "Nginx",
            "action_flag": 1,
            "change_message": "[{\"added\": {}}]"
        }
    },
    {
        "model": "admin.logentry",
        "pk": 16,
        "fields": {
            "action_time": "2021-01-08T23:43:38.050Z",
            "user": 1,
            "content_type": 12,
            "object_id": "6",
            "object_repr": "Redis",
            "action_flag": 2,
            "change_message": "[{\"changed\": {\"fields\": [\"Word\"]}}]"
        }
    },
    {
        "model": "admin.logentry",
        "pk": 17,
        "fields": {
            "action_time": "2021-01-08T23:44:38.314Z",
            "user": 1,
            "content_type": 13,
            "object_id": "1",
            "object_repr": "Personal Website",
            "action_flag": 1,
            "change_message": "[{\"added\": {}}]"
        }
    },
    {
        "model": "admin.logentry",
        "pk": 18,
        "fields": {
            "action_time": "2021-01-08T23:46:33.620Z",
            "user": 1,
            "content_type": 13,
            "object_id": "2",
            "object_repr": "Former Personal Website",
            "action_flag": 1,
            "change_message": "[{\"added\": {}}]"
        }
    },
    {
        "model": "admin.logentry",
        "pk": 19,
        "fields": {
            "action_time": "2021-01-08T23:48:24.604Z",
            "user": 1,
            "content_type": 13,
            "object_id": "3",
            "object_repr": "Inventory Checker",
            "action_flag": 1,
            "change_message": "[{\"added\": {}}]"
        }
    },
    {
        "model": "admin.logentry",
        "pk": 20,
        "fields": {
            "action_time": "2021-01-08T23:48:32.221Z",
            "user": 1,
            "content_type": 12,
            "object_id": "1",
            "object_repr": "Celery",
            "action_flag": 2,
            "change_message": "[{\"changed\": {\"fields\": [\" projects\"]}}]"
        }
    },
    {
        "model": "admin.logentry",
        "pk": 21,
        "fields": {
            "action_time": "2021-01-08T23:48:34.984Z",
            "user": 1,
            "content_type": 12,
            "object_id": "8",
            "object_repr": "Celery Beat",
            "action_flag": 2,
            "change_message": "[{\"changed\": {\"fields\": [\" projects\"]}}]"
        }
    },
    {
        "model": "admin.logentry",
        "pk": 22,
        "fields": {
            "action_time": "2021-01-08T23:48:38.572Z",
            "user": 1,
            "content_type": 12,
            "object_id": "2",
            "object_repr": "Django",
            "action_flag": 2,
            "change_message": "[{\"changed\": {\"fields\": [\" projects\"]}}]"
        }
    },
    {
        "model": "admin.logentry",
        "pk": 23,
        "fields": {
            "action_time": "2021-01-08T23:48:42.708Z",
            "user": 1,
            "content_type": 12,
            "object_id": "3",
            "object_repr": "Docker",
            "action_flag": 2,
            "change_message": "[{\"changed\": {\"fields\": [\" projects\"]}}]"
        }
    },
    {
        "model": "admin.logentry",
        "pk": 24,
        "fields": {
            "action_time": "2021-01-08T23:48:45.815Z",
            "user": 1,
            "content_type": 12,
            "object_id": "3",
            "object_repr": "Docker",
            "action_flag": 2,
            "change_message": "[]"
        }
    },
    {
        "model": "admin.logentry",
        "pk": 25,
        "fields": {
            "action_time": "2021-01-08T23:48:48.999Z",
            "user": 1,
            "content_type": 12,
            "object_id": "9",
            "object_repr": "Nginx",
            "action_flag": 2,
            "change_message": "[{\"changed\": {\"fields\": [\" projects\"]}}]"
        }
    },
    {
        "model": "admin.logentry",
        "pk": 26,
        "fields": {
            "action_time": "2021-01-08T23:48:52.334Z",
            "user": 1,
            "content_type": 12,
            "object_id": "7",
            "object_repr": "PostgreSQL",
            "action_flag": 2,
            "change_message": "[{\"changed\": {\"fields\": [\" projects\"]}}]"
        }
    },
    {
        "model": "admin.logentry",
        "pk": 27,
        "fields": {
            "action_time": "2021-01-08T23:48:55.762Z",
            "user": 1,
            "content_type": 12,
            "object_id": "6",
            "object_repr": "Redis",
            "action_flag": 2,
            "change_message": "[{\"changed\": {\"fields\": [\" projects\"]}}]"
        }
    },
    {
        "model": "admin.logentry",
        "pk": 28,
        "fields": {
            "action_time": "2021-01-08T23:49:00.089Z",
            "user": 1,
            "content_type": 12,
            "object_id": "4",
            "object_repr": "REST API",
            "action_flag": 2,
            "change_message": "[{\"changed\": {\"fields\": [\" projects\"]}}]"
        }
    },
    {
        "model": "admin.logentry",
        "pk": 29,
        "fields": {
            "action_time": "2021-01-08T23:49:06.156Z",
            "user": 1,
            "content_type": 12,
            "object_id": "5",
            "object_repr": "Vue.js",
            "action_flag": 2,
            "change_message": "[{\"changed\": {\"fields\": [\" projects\"]}}]"
        }
    },
    {
        "model": "admin.logentry",
        "pk": 30,
        "fields": {
            "action_time": "2021-01-08T23:49:08.918Z",
            "user": 1,
            "content_type": 12,
            "object_id": "4",
            "object_repr": "REST API",
            "action_flag": 2,
            "change_message": "[]"
        }
    },
    {
        "model": "admin.logentry",
        "pk": 31,
        "fields": {
            "action_time": "2021-01-08T23:56:13.780Z",
            "user": 1,
            "content_type": 13,
            "object_id": "3",
            "object_repr": "Inventory Checker",
            "action_flag": 2,
            "change_message": "[]"
        }
    },
    {
        "model": "admin.logentry",
        "pk": 32,
        "fields": {
            "action_time": "2021-01-08T23:56:39.661Z",
            "user": 1,
            "content_type": 13,
            "object_id": "3",
            "object_repr": "Inventory Checker",
            "action_flag": 2,
            "change_message": "[]"
        }
    },
    {
        "model": "admin.logentry",
        "pk": 33,
        "fields": {
            "action_time": "2021-01-08T23:56:54.630Z",
            "user": 1,
            "content_type": 13,
            "object_id": "3",
            "object_repr": "Inventory Checker",
            "action_flag": 2,
            "change_message": "[]"
        }
    },
    {
        "model": "admin.logentry",
        "pk": 34,
        "fields": {
            "action_time": "2021-01-08T23:56:56.661Z",
            "user": 1,
            "content_type": 13,
            "object_id": "2",
            "object_repr": "Former Personal Website",
            "action_flag": 2,
            "change_message": "[]"
        }
    },
    {
        "model": "admin.logentry",
        "pk": 35,
        "fields": {
            "action_time": "2021-01-08T23:56:57.360Z",
            "user": 1,
            "content_type": 13,
            "object_id": "2",
            "object_repr": "Former Personal Website",
            "action_flag": 2,
            "change_message": "[]"
        }
    },
    {
        "model": "admin.logentry",
        "pk": 36,
        "fields": {
            "action_time": "2021-01-08T23:56:58.062Z",
            "user": 1,
            "content_type": 13,
            "object_id": "2",
            "object_repr": "Former Personal Website",
            "action_flag": 2,
            "change_message": "[]"
        }
    },
    {
        "model": "admin.logentry",
        "pk": 37,
        "fields": {
            "action_time": "2021-01-08T23:56:58.714Z",
            "user": 1,
            "content_type": 13,
            "object_id": "2",
            "object_repr": "Former Personal Website",
            "action_flag": 2,
            "change_message": "[]"
        }
    },
    {
        "model": "admin.logentry",
        "pk": 38,
        "fields": {
            "action_time": "2021-01-08T23:56:59.317Z",
            "user": 1,
            "content_type": 13,
            "object_id": "2",
            "object_repr": "Former Personal Website",
            "action_flag": 2,
            "change_message": "[]"
        }
    },
    {
        "model": "admin.logentry",
        "pk": 39,
        "fields": {
            "action_time": "2021-01-08T23:56:59.915Z",
            "user": 1,
            "content_type": 13,
            "object_id": "2",
            "object_repr": "Former Personal Website",
            "action_flag": 2,
            "change_message": "[]"
        }
    },
    {
        "model": "admin.logentry",
        "pk": 40,
        "fields": {
            "action_time": "2021-01-08T23:57:00.528Z",
            "user": 1,
            "content_type": 13,
            "object_id": "2",
            "object_repr": "Former Personal Website",
            "action_flag": 2,
            "change_message": "[]"
        }
    },
    {
        "model": "admin.logentry",
        "pk": 41,
        "fields": {
            "action_time": "2021-01-08T23:57:49.263Z",
            "user": 1,
            "content_type": 14,
            "object_id": "1",
            "object_repr": "Post Title 1 - Post Subtitle 1",
            "action_flag": 1,
            "change_message": "[{\"added\": {}}]"
        }
    },
    {
        "model": "admin.logentry",
        "pk": 42,
        "fields": {
            "action_time": "2021-01-08T23:57:54.711Z",
            "user": 1,
            "content_type": 14,
            "object_id": "2",
            "object_repr": "Post Title 2 - Post Subtitle 2",
            "action_flag": 1,
            "change_message": "[{\"added\": {}}]"
        }
    },
    {
        "model": "admin.logentry",
        "pk": 43,
        "fields": {
            "action_time": "2021-01-08T23:57:58.962Z",
            "user": 1,
            "content_type": 14,
            "object_id": "3",
            "object_repr": "Post Title 3 - Post Subtitle 3",
            "action_flag": 1,
            "change_message": "[{\"added\": {}}]"
        }
    },
    {
        "model": "admin.logentry",
        "pk": 44,
        "fields": {
            "action_time": "2021-01-08T23:58:01.678Z",
            "user": 1,
            "content_type": 14,
            "object_id": "4",
            "object_repr": "Post Title 4 - Post Subtitle 4",
            "action_flag": 1,
            "change_message": "[{\"added\": {}}]"
        }
    },
    {
        "model": "admin.logentry",
        "pk": 45,
        "fields": {
            "action_time": "2021-01-08T23:58:04.011Z",
            "user": 1,
            "content_type": 14,
            "object_id": "5",
            "object_repr": "Post Title 5 - Post Subtitle 5",
            "action_flag": 1,
            "change_message": "[{\"added\": {}}]"
        }
    },
    {
        "model": "admin.logentry",
        "pk": 46,
        "fields": {
            "action_time": "2021-01-08T23:58:07.462Z",
            "user": 1,
            "content_type": 14,
            "object_id": "6",
            "object_repr": "Post Title 6 - Post Subtitle 6",
            "action_flag": 1,
            "change_message": "[{\"added\": {}}]"
        }
    },
    {
        "model": "admin.logentry",
        "pk": 47,
        "fields": {
            "action_time": "2021-01-08T23:58:09.976Z",
            "user": 1,
            "content_type": 14,
            "object_id": "7",
            "object_repr": "Post Title 7 - Post Subtitle 7",
            "action_flag": 1,
            "change_message": "[{\"added\": {}}]"
        }
    },
    {
        "model": "admin.logentry",
        "pk": 48,
        "fields": {
            "action_time": "2021-01-08T23:58:12.827Z",
            "user": 1,
            "content_type": 14,
            "object_id": "8",
            "object_repr": "Post Title 8 - Post Subtitle 8",
            "action_flag": 1,
            "change_message": "[{\"added\": {}}]"
        }
    },
    {
        "model": "admin.logentry",
        "pk": 49,
        "fields": {
            "action_time": "2021-01-08T23:58:15.459Z",
            "user": 1,
            "content_type": 14,
            "object_id": "9",
            "object_repr": "Post Title 9 - Post Subtitle 9",
            "action_flag": 1,
            "change_message": "[{\"added\": {}}]"
        }
    },
    {
        "model": "admin.logentry",
        "pk": 50,
        "fields": {
            "action_time": "2021-01-08T23:58:19.746Z",
            "user": 1,
            "content_type": 14,
            "object_id": "10",
            "object_repr": "Post Title 10 - Post Subtitle 10",
            "action_flag": 1,
            "change_message": "[{\"added\": {}}]"
        }
    },
    {
        "model": "admin.logentry",
        "pk": 51,
        "fields": {
            "action_time": "2021-01-08T23:58:23.036Z",
            "user": 1,
            "content_type": 14,
            "object_id": "11",
            "object_repr": "Post Title 11 - Post Subtitle 11",
            "action_flag": 1,
            "change_message": "[{\"added\": {}}]"
        }
    },
    {
        "model": "admin.logentry",
        "pk": 52,
        "fields": {
            "action_time": "2021-01-08T23:58:27.532Z",
            "user": 1,
            "content_type": 14,
            "object_id": "12",
            "object_repr": "Post Title 12 - Post Subtitle 12",
            "action_flag": 1,
            "change_message": "[{\"added\": {}}]"
        }
    },
    {
        "model": "admin.logentry",
        "pk": 53,
        "fields": {
            "action_time": "2021-01-08T23:58:30.899Z",
            "user": 1,
            "content_type": 14,
            "object_id": "13",
            "object_repr": "Post Title 13 - Post Subtitle 13",
            "action_flag": 1,
            "change_message": "[{\"added\": {}}]"
        }
    },
    {
        "model": "admin.logentry",
        "pk": 54,
        "fields": {
            "action_time": "2021-01-08T23:58:33.377Z",
            "user": 1,
            "content_type": 14,
            "object_id": "14",
            "object_repr": "Post Title 14 - Post Subtitle 14",
            "action_flag": 1,
            "change_message": "[{\"added\": {}}]"
        }
    },
    {
        "model": "admin.logentry",
        "pk": 55,
        "fields": {
            "action_time": "2021-01-08T23:58:38.130Z",
            "user": 1,
            "content_type": 14,
            "object_id": "15",
            "object_repr": "Post Title 15 - Post Subtitle 15",
            "action_flag": 1,
            "change_message": "[{\"added\": {}}]"
        }
    },
    {
        "model": "admin.logentry",
        "pk": 56,
        "fields": {
            "action_time": "2021-01-08T23:58:41.379Z",
            "user": 1,
            "content_type": 14,
            "object_id": "16",
            "object_repr": "Post Title 16 - Post Subtitle 16",
            "action_flag": 1,
            "change_message": "[{\"added\": {}}]"
        }
    },
    {
        "model": "admin.logentry",
        "pk": 57,
        "fields": {
            "action_time": "2021-01-08T23:58:44.746Z",
            "user": 1,
            "content_type": 14,
            "object_id": "17",
            "object_repr": "Post Title 17 - Post Subtitle 17",
            "action_flag": 1,
            "change_message": "[{\"added\": {}}]"
        }
    },
    {
        "model": "admin.logentry",
        "pk": 58,
        "fields": {
            "action_time": "2021-01-08T23:58:49.623Z",
            "user": 1,
            "content_type": 14,
            "object_id": "18",
            "object_repr": "Post Title 18 - Post Subtitle 18",
            "action_flag": 1,
            "change_message": "[{\"added\": {}}]"
        }
    },
    {
        "model": "admin.logentry",
        "pk": 59,
        "fields": {
            "action_time": "2021-01-08T23:58:54.028Z",
            "user": 1,
            "content_type": 14,
            "object_id": "19",
            "object_repr": "Post Title 19 - Post Subtitle 19",
            "action_flag": 1,
            "change_message": "[{\"added\": {}}]"
        }
    },
    {
        "model": "admin.logentry",
        "pk": 60,
        "fields": {
            "action_time": "2021-01-08T23:58:58.712Z",
            "user": 1,
            "content_type": 14,
            "object_id": "20",
            "object_repr": "Post Title 20 - Post Subtitle 20",
            "action_flag": 1,
            "change_message": "[{\"added\": {}}]"
        }
    },
    {
        "model": "admin.logentry",
        "pk": 61,
        "fields": {
            "action_time": "2021-01-08T23:59:02.830Z",
            "user": 1,
            "content_type": 14,
            "object_id": "21",
            "object_repr": "Post Title 21 - Post Subtitle 21",
            "action_flag": 1,
            "change_message": "[{\"added\": {}}]"
        }
    },
    {
        "model": "admin.logentry",
        "pk": 62,
        "fields": {
            "action_time": "2021-01-08T23:59:05.419Z",
            "user": 1,
            "content_type": 14,
            "object_id": "22",
            "object_repr": "Post Title 22 - Post Subtitle 22",
            "action_flag": 1,
            "change_message": "[{\"added\": {}}]"
        }
    },
    {
        "model": "admin.logentry",
        "pk": 63,
        "fields": {
            "action_time": "2021-01-08T23:59:09.129Z",
            "user": 1,
            "content_type": 14,
            "object_id": "23",
            "object_repr": "Post Title 23 - Post Subtitle 23",
            "action_flag": 1,
            "change_message": "[{\"added\": {}}]"
        }
    },
    {
        "model": "admin.logentry",
        "pk": 64,
        "fields": {
            "action_time": "2021-01-08T23:59:13.413Z",
            "user": 1,
            "content_type": 14,
            "object_id": "24",
            "object_repr": "Post Title 24 - Post Subtitle 24",
            "action_flag": 1,
            "change_message": "[{\"added\": {}}]"
        }
    },
    {
        "model": "admin.logentry",
        "pk": 65,
        "fields": {
            "action_time": "2021-01-08T23:59:17.464Z",
            "user": 1,
            "content_type": 14,
            "object_id": "25",
            "object_repr": "Post Title 25 - Post Subtitle 25",
            "action_flag": 1,
            "change_message": "[{\"added\": {}}]"
        }
    },
    {
        "model": "admin.logentry",
        "pk": 66,
        "fields": {
            "action_time": "2021-01-08T23:59:24.598Z",
            "user": 1,
            "content_type": 14,
            "object_id": "26",
            "object_repr": "Post Title 26 - Post Subtitle 26",
            "action_flag": 1,
            "change_message": "[{\"added\": {}}]"
        }
    },
    {
        "model": "admin.logentry",
        "pk": 67,
        "fields": {
            "action_time": "2021-01-08T23:59:30.435Z",
            "user": 1,
            "content_type": 14,
            "object_id": "27",
            "object_repr": "Post Title 27 - Post Subtitle 27",
            "action_flag": 1,
            "change_message": "[{\"added\": {}}]"
        }
    },
    {
        "model": "auth.permission",
        "pk": 1,
        "fields": {
            "name": "Can add log entry",
            "content_type": 1,
            "codename": "add_logentry"
        }
    },
    {
        "model": "auth.permission",
        "pk": 2,
        "fields": {
            "name": "Can change log entry",
            "content_type": 1,
            "codename": "change_logentry"
        }
    },
    {
        "model": "auth.permission",
        "pk": 3,
        "fields": {
            "name": "Can delete log entry",
            "content_type": 1,
            "codename": "delete_logentry"
        }
    },
    {
        "model": "auth.permission",
        "pk": 4,
        "fields": {
            "name": "Can view log entry",
            "content_type": 1,
            "codename": "view_logentry"
        }
    },
    {
        "model": "auth.permission",
        "pk": 5,
        "fields": {
            "name": "Can add permission",
            "content_type": 2,
            "codename": "add_permission"
        }
    },
    {
        "model": "auth.permission",
        "pk": 6,
        "fields": {
            "name": "Can change permission",
            "content_type": 2,
            "codename": "change_permission"
        }
    },
    {
        "model": "auth.permission",
        "pk": 7,
        "fields": {
            "name": "Can delete permission",
            "content_type": 2,
            "codename": "delete_permission"
        }
    },
    {
        "model": "auth.permission",
        "pk": 8,
        "fields": {
            "name": "Can view permission",
            "content_type": 2,
            "codename": "view_permission"
        }
    },
    {
        "model": "auth.permission",
        "pk": 9,
        "fields": {
            "name": "Can add group",
            "content_type": 3,
            "codename": "add_group"
        }
    },
    {
        "model": "auth.permission",
        "pk": 10,
        "fields": {
            "name": "Can change group",
            "content_type": 3,
            "codename": "change_group"
        }
    },
    {
        "model": "auth.permission",
        "pk": 11,
        "fields": {
            "name": "Can delete group",
            "content_type": 3,
            "codename": "delete_group"
        }
    },
    {
        "model": "auth.permission",
        "pk": 12,
        "fields": {
            "name": "Can view group",
            "content_type": 3,
            "codename": "view_group"
        }
    },
    {
        "model": "auth.permission",
        "pk": 13,
        "fields": {
            "name": "Can add user",
            "content_type": 4,
            "codename": "add_user"
        }
    },
    {
        "model": "auth.permission",
        "pk": 14,
        "fields": {
            "name": "Can change user",
            "content_type": 4,
            "codename": "change_user"
        }
    },
    {
        "model": "auth.permission",
        "pk": 15,
        "fields": {
            "name": "Can delete user",
            "content_type": 4,
            "codename": "delete_user"
        }
    },
    {
        "model": "auth.permission",
        "pk": 16,
        "fields": {
            "name": "Can view user",
            "content_type": 4,
            "codename": "view_user"
        }
    },
    {
        "model": "auth.permission",
        "pk": 17,
        "fields": {
            "name": "Can add content type",
            "content_type": 5,
            "codename": "add_contenttype"
        }
    },
    {
        "model": "auth.permission",
        "pk": 18,
        "fields": {
            "name": "Can change content type",
            "content_type": 5,
            "codename": "change_contenttype"
        }
    },
    {
        "model": "auth.permission",
        "pk": 19,
        "fields": {
            "name": "Can delete content type",
            "content_type": 5,
            "codename": "delete_contenttype"
        }
    },
    {
        "model": "auth.permission",
        "pk": 20,
        "fields": {
            "name": "Can view content type",
            "content_type": 5,
            "codename": "view_contenttype"
        }
    },
    {
        "model": "auth.permission",
        "pk": 21,
        "fields": {
            "name": "Can add session",
            "content_type": 6,
            "codename": "add_session"
        }
    },
    {
        "model": "auth.permission",
        "pk": 22,
        "fields": {
            "name": "Can change session",
            "content_type": 6,
            "codename": "change_session"
        }
    },
    {
        "model": "auth.permission",
        "pk": 23,
        "fields": {
            "name": "Can delete session",
            "content_type": 6,
            "codename": "delete_session"
        }
    },
    {
        "model": "auth.permission",
        "pk": 24,
        "fields": {
            "name": "Can view session",
            "content_type": 6,
            "codename": "view_session"
        }
    },
    {
        "model": "auth.permission",
        "pk": 25,
        "fields": {
            "name": "Can add blacklisted token",
            "content_type": 7,
            "codename": "add_blacklistedtoken"
        }
    },
    {
        "model": "auth.permission",
        "pk": 26,
        "fields": {
            "name": "Can change blacklisted token",
            "content_type": 7,
            "codename": "change_blacklistedtoken"
        }
    },
    {
        "model": "auth.permission",
        "pk": 27,
        "fields": {
            "name": "Can delete blacklisted token",
            "content_type": 7,
            "codename": "delete_blacklistedtoken"
        }
    },
    {
        "model": "auth.permission",
        "pk": 28,
        "fields": {
            "name": "Can view blacklisted token",
            "content_type": 7,
            "codename": "view_blacklistedtoken"
        }
    },
    {
        "model": "auth.permission",
        "pk": 29,
        "fields": {
            "name": "Can add outstanding token",
            "content_type": 8,
            "codename": "add_outstandingtoken"
        }
    },
    {
        "model": "auth.permission",
        "pk": 30,
        "fields": {
            "name": "Can change outstanding token",
            "content_type": 8,
            "codename": "change_outstandingtoken"
        }
    },
    {
        "model": "auth.permission",
        "pk": 31,
        "fields": {
            "name": "Can delete outstanding token",
            "content_type": 8,
            "codename": "delete_outstandingtoken"
        }
    },
    {
        "model": "auth.permission",
        "pk": 32,
        "fields": {
            "name": "Can view outstanding token",
            "content_type": 8,
            "codename": "view_outstandingtoken"
        }
    },
    {
        "model": "auth.permission",
        "pk": 33,
        "fields": {
            "name": "Can add resume outline",
            "content_type": 9,
            "codename": "add_resumeoutline"
        }
    },
    {
        "model": "auth.permission",
        "pk": 34,
        "fields": {
            "name": "Can change resume outline",
            "content_type": 9,
            "codename": "change_resumeoutline"
        }
    },
    {
        "model": "auth.permission",
        "pk": 35,
        "fields": {
            "name": "Can delete resume outline",
            "content_type": 9,
            "codename": "delete_resumeoutline"
        }
    },
    {
        "model": "auth.permission",
        "pk": 36,
        "fields": {
            "name": "Can view resume outline",
            "content_type": 9,
            "codename": "view_resumeoutline"
        }
    },
    {
        "model": "auth.permission",
        "pk": 37,
        "fields": {
            "name": "Can add resume section",
            "content_type": 10,
            "codename": "add_resumesection"
        }
    },
    {
        "model": "auth.permission",
        "pk": 38,
        "fields": {
            "name": "Can change resume section",
            "content_type": 10,
            "codename": "change_resumesection"
        }
    },
    {
        "model": "auth.permission",
        "pk": 39,
        "fields": {
            "name": "Can delete resume section",
            "content_type": 10,
            "codename": "delete_resumesection"
        }
    },
    {
        "model": "auth.permission",
        "pk": 40,
        "fields": {
            "name": "Can view resume section",
            "content_type": 10,
            "codename": "view_resumesection"
        }
    },
    {
        "model": "auth.permission",
        "pk": 41,
        "fields": {
            "name": "Can add contact form",
            "content_type": 11,
            "codename": "add_contactform"
        }
    },
    {
        "model": "auth.permission",
        "pk": 42,
        "fields": {
            "name": "Can change contact form",
            "content_type": 11,
            "codename": "change_contactform"
        }
    },
    {
        "model": "auth.permission",
        "pk": 43,
        "fields": {
            "name": "Can delete contact form",
            "content_type": 11,
            "codename": "delete_contactform"
        }
    },
    {
        "model": "auth.permission",
        "pk": 44,
        "fields": {
            "name": "Can view contact form",
            "content_type": 11,
            "codename": "view_contactform"
        }
    },
    {
        "model": "auth.permission",
        "pk": 45,
        "fields": {
            "name": "Can add keyword",
            "content_type": 12,
            "codename": "add_keyword"
        }
    },
    {
        "model": "auth.permission",
        "pk": 46,
        "fields": {
            "name": "Can change keyword",
            "content_type": 12,
            "codename": "change_keyword"
        }
    },
    {
        "model": "auth.permission",
        "pk": 47,
        "fields": {
            "name": "Can delete keyword",
            "content_type": 12,
            "codename": "delete_keyword"
        }
    },
    {
        "model": "auth.permission",
        "pk": 48,
        "fields": {
            "name": "Can view keyword",
            "content_type": 12,
            "codename": "view_keyword"
        }
    },
    {
        "model": "auth.permission",
        "pk": 49,
        "fields": {
            "name": "Can add project",
            "content_type": 13,
            "codename": "add_project"
        }
    },
    {
        "model": "auth.permission",
        "pk": 50,
        "fields": {
            "name": "Can change project",
            "content_type": 13,
            "codename": "change_project"
        }
    },
    {
        "model": "auth.permission",
        "pk": 51,
        "fields": {
            "name": "Can delete project",
            "content_type": 13,
            "codename": "delete_project"
        }
    },
    {
        "model": "auth.permission",
        "pk": 52,
        "fields": {
            "name": "Can view project",
            "content_type": 13,
            "codename": "view_project"
        }
    },
    {
        "model": "auth.permission",
        "pk": 53,
        "fields": {
            "name": "Can add post",
            "content_type": 14,
            "codename": "add_post"
        }
    },
    {
        "model": "auth.permission",
        "pk": 54,
        "fields": {
            "name": "Can change post",
            "content_type": 14,
            "codename": "change_post"
        }
    },
    {
        "model": "auth.permission",
        "pk": 55,
        "fields": {
            "name": "Can delete post",
            "content_type": 14,
            "codename": "delete_post"
        }
    },
    {
        "model": "auth.permission",
        "pk": 56,
        "fields": {
            "name": "Can view post",
            "content_type": 14,
            "codename": "view_post"
        }
    },
    {
        "model": "auth.permission",
        "pk": 57,
        "fields": {
            "name": "Can add project edited activity",
            "content_type": 15,
            "codename": "add_projecteditedactivity"
        }
    },
    {
        "model": "auth.permission",
        "pk": 58,
        "fields": {
            "name": "Can change project edited activity",
            "content_type": 15,
            "codename": "change_projecteditedactivity"
        }
    },
    {
        "model": "auth.permission",
        "pk": 59,
        "fields": {
            "name": "Can delete project edited activity",
            "content_type": 15,
            "codename": "delete_projecteditedactivity"
        }
    },
    {
        "model": "auth.permission",
        "pk": 60,
        "fields": {
            "name": "Can view project edited activity",
            "content_type": 15,
            "codename": "view_projecteditedactivity"
        }
    },
    {
        "model": "auth.permission",
        "pk": 61,
        "fields": {
            "name": "Can add project created activity",
            "content_type": 16,
            "codename": "add_projectcreatedactivity"
        }
    },
    {
        "model": "auth.permission",
        "pk": 62,
        "fields": {
            "name": "Can change project created activity",
            "content_type": 16,
            "codename": "change_projectcreatedactivity"
        }
    },
    {
        "model": "auth.permission",
        "pk": 63,
        "fields": {
            "name": "Can delete project created activity",
            "content_type": 16,
            "codename": "delete_projectcreatedactivity"
        }
    },
    {
        "model": "auth.permission",
        "pk": 64,
        "fields": {
            "name": "Can view project created activity",
            "content_type": 16,
            "codename": "view_projectcreatedactivity"
        }
    },
    {
        "model": "auth.permission",
        "pk": 65,
        "fields": {
            "name": "Can add post edited activity",
            "content_type": 17,
            "codename": "add_posteditedactivity"
        }
    },
    {
        "model": "auth.permission",
        "pk": 66,
        "fields": {
            "name": "Can change post edited activity",
            "content_type": 17,
            "codename": "change_posteditedactivity"
        }
    },
    {
        "model": "auth.permission",
        "pk": 67,
        "fields": {
            "name": "Can delete post edited activity",
            "content_type": 17,
            "codename": "delete_posteditedactivity"
        }
    },
    {
        "model": "auth.permission",
        "pk": 68,
        "fields": {
            "name": "Can view post edited activity",
            "content_type": 17,
            "codename": "view_posteditedactivity"
        }
    },
    {
        "model": "auth.permission",
        "pk": 69,
        "fields": {
            "name": "Can add post created activity",
            "content_type": 18,
            "codename": "add_postcreatedactivity"
        }
    },
    {
        "model": "auth.permission",
        "pk": 70,
        "fields": {
            "name": "Can change post created activity",
            "content_type": 18,
            "codename": "change_postcreatedactivity"
        }
    },
    {
        "model": "auth.permission",
        "pk": 71,
        "fields": {
            "name": "Can delete post created activity",
            "content_type": 18,
            "codename": "delete_postcreatedactivity"
        }
    },
    {
        "model": "auth.permission",
        "pk": 72,
        "fields": {
            "name": "Can view post created activity",
            "content_type": 18,
            "codename": "view_postcreatedactivity"
        }
    },
    {
        "model": "auth.user",
        "pk": 1,
        "fields": {
            "password": "pbkdf2_sha256$216000$rWToJCYKPQni$gck06cAoVrFd0jED8nr8gBhywD/UWunxlc8CusGZ9eQ=",
            "last_login": "2021-01-04T23:07:35.985Z",
            "is_superuser": true,
            "username": "admin",
            "first_name": "",
            "last_name": "",
            "email": "",
            "is_staff": true,
            "is_active": true,
            "date_joined": "2021-01-04T23:07:31.660Z",
            "groups": [],
            "user_permissions": []
        }
    },
    {
        "model": "contenttypes.contenttype",
        "pk": 1,
        "fields": {
            "app_label": "admin",
            "model": "logentry"
        }
    },
    {
        "model": "contenttypes.contenttype",
        "pk": 2,
        "fields": {
            "app_label": "auth",
            "model": "permission"
        }
    },
    {
        "model": "contenttypes.contenttype",
        "pk": 3,
        "fields": {
            "app_label": "auth",
            "model": "group"
        }
    },
    {
        "model": "contenttypes.contenttype",
        "pk": 4,
        "fields": {
            "app_label": "auth",
            "model": "user"
        }
    },
    {
        "model": "contenttypes.contenttype",
        "pk": 5,
        "fields": {
            "app_label": "contenttypes",
            "model": "contenttype"
        }
    },
    {
        "model": "contenttypes.contenttype",
        "pk": 6,
        "fields": {
            "app_label": "sessions",
            "model": "session"
        }
    },
    {
        "model": "contenttypes.contenttype",
        "pk": 7,
        "fields": {
            "app_label": "token_blacklist",
            "model": "blacklistedtoken"
        }
    },
    {
        "model": "contenttypes.contenttype",
        "pk": 8,
        "fields": {
            "app_label": "token_blacklist",
            "model": "outstandingtoken"
        }
    },
    {
        "model": "contenttypes.contenttype",
        "pk": 9,
        "fields": {
            "app_label": "resume",
            "model": "resumeoutline"
        }
    },
    {
        "model": "contenttypes.contenttype",
        "pk": 10,
        "fields": {
            "app_label": "resume",
            "model": "resumesection"
        }
    },
    {
        "model": "contenttypes.contenttype",
        "pk": 11,
        "fields": {
            "app_label": "contact",
            "model": "contactform"
        }
    },
    {
        "model": "contenttypes.contenttype",
        "pk": 12,
        "fields": {
            "app_label": "projects",
            "model": "keyword"
        }
    },
    {
        "model": "contenttypes.contenttype",
        "pk": 13,
        "fields": {
            "app_label": "projects",
            "model": "project"
        }
    },
    {
        "model": "contenttypes.contenttype",
        "pk": 14,
        "fields": {
            "app_label": "blog",
            "model": "post"
        }
    },
    {
        "model": "contenttypes.contenttype",
        "pk": 15,
        "fields": {
            "app_label": "feed",
            "model": "projecteditedactivity"
        }
    },
    {
        "model": "contenttypes.contenttype",
        "pk": 16,
        "fields": {
            "app_label": "feed",
            "model": "projectcreatedactivity"
        }
    },
    {
        "model": "contenttypes.contenttype",
        "pk": 17,
        "fields": {
            "app_label": "feed",
            "model": "posteditedactivity"
        }
    },
    {
        "model": "contenttypes.contenttype",
        "pk": 18,
        "fields": {
            "app_label": "feed",
            "model": "postcreatedactivity"
        }
    },
    {
        "model": "sessions.session",
        "pk": "7gmlbabw7u3dzbocylyj09nicv9kdwkq",
        "fields": {
            "session_data": ".eJxVjMsOwiAQRf-FtSHDgAO4dN9vaIYp2KqBpI-V8d-1SRe6veec-1I9b-vYb0ue-2lQF2XU6XdLLI9cdzDcud6allbXeUp6V_RBF921IT-vh_t3MPIyfmuOxRAl4wtaDlHYsbeEPkNAh5Z8dmgsng1FcQKAEopY4EgmQSZQ7w-9Gjaf:1kwYwp:GCGDtI5FflRw5blK1pPTkz07O7aKjQ5pAspc6eePIGI",
            "expire_date": "2021-01-18T23:07:35.987Z"
        }
    },
    {
        "model": "resume.resumeoutline",
        "pk": 1,
        "fields": {
            "date_uploaded": "2021-01-04"
        }
    },
    {
        "model": "resume.resumesection",
        "pk": 1,
        "fields": {
            "heading": "Summary",
            "content": "Energetic and passionate college student working towards a BS in Statistics with a Computer Programming Minor at North Carolina State University.  Professional interests include data analytics, statistical analysis, computer programming, machine learning and artificial intelligence.  Seeking a summer internship to enhance my skills and knowledge in these areas while gaining relevant real-world experience in a business setting.",
            "outline": 1
        }
    },
    {
        "model": "resume.resumesection",
        "pk": 2,
        "fields": {
            "heading": "Professional Certifications",
            "content": "Certified Associate in Python Programming (PCAP)\r\nPursuing SAS Certified Associate certification (exam date TBD)",
            "outline": 1
        }
    },
    {
        "model": "resume.resumesection",
        "pk": 3,
        "fields": {
            "heading": "Computer Skills",
            "content": "Computer Programming\r\n+Languages\r\n­-Beginner: MATLAB, C#, Shell\r\n­-Intermediate: HTML, CSS, JavaScript, C/C++, SAS\r\n­-Proficient: Assembly (Intel 8086), Java, Python\r\n+Libraries\r\n­-Python: Proficient with Django, Django REST Framework and Beautiful Soup; Familiar with Celery, Pandas, Matplotlib, scikit-learn and NumPy\r\n­-JavaScript: Proficient with Vue.js; Familiar with jQuery\r\n­-CSS: Familiar with Bootstrap",
            "outline": 1
        }
    },
    {
        "model": "resume.resumesection",
        "pk": 4,
        "fields": {
            "heading": "Interests & Hobbies",
            "content": "Technology – programming, building computers, Raspberry Pi\r\nDigital music production\r\nHistory",
            "outline": 1
        }
    },
    {
        "model": "projects.project",
        "pk": 1,
        "fields": {
            "title": "Personal Website",
            "description": "My personal portfolio website.",
            "description_verbose": "A more-complicated-than-necessary-but-totally-worth-the-effort resume and portfolio website.",
            "datetime_created": "2021-01-08T23:44:38.221Z",
            "datetime_changed": "2021-01-08T23:44:38.221Z",
            "_phase": 2,
            "_category": 1,
            "_keywords": [
                1,
                8,
                2,
                3,
                9,
                7,
                6,
                4,
                5
            ]
        }
    },
    {
        "model": "projects.project",
        "pk": 2,
        "fields": {
            "title": "Former Personal Website",
            "description": "My cruddy, old personal portfolio website.",
            "description_verbose": "My previous attempt at making a personal portfolio website. It lacks all of the bells and whistles that I have used to polish my new personal website project.",
            "datetime_created": "2021-01-08T23:46:33.617Z",
            "datetime_changed": "2021-01-08T23:57:00.525Z",
            "_phase": 2,
            "_category": 3,
            "_keywords": [
                2,
                7
            ]
        }
    },
    {
        "model": "projects.project",
        "pk": 3,
        "fields": {
            "title": "Inventory Checker",
            "description": "If you can't beat the scalpers, join the scalpers.",
            "description_verbose": "A haphazardly-built website inventory checker designed with automatically and intermittently checking the inventory status of various tech products online (e.g. graphics cards, video game consoles).",
            "datetime_created": "2021-01-08T23:48:24.600Z",
            "datetime_changed": "2021-01-08T23:56:54.627Z",
            "_phase": 2,
            "_category": 1,
            "_keywords": [
                1,
                8,
                2,
                3,
                9,
                7,
                6,
                4,
                5
            ]
        }
    },
    {
        "model": "projects.keyword",
        "pk": 1,
        "fields": {
            "word": "Celery",
            "_projects": [
                3,
                1
            ]
        }
    },
    {
        "model": "projects.keyword",
        "pk": 2,
        "fields": {
            "word": "Django",
            "_projects": [
                2,
                3,
                1
            ]
        }
    },
    {
        "model": "projects.keyword",
        "pk": 3,
        "fields": {
            "word": "Docker",
            "_projects": [
                3,
                1
            ]
        }
    },
    {
        "model": "projects.keyword",
        "pk": 4,
        "fields": {
            "word": "REST API",
            "_projects": [
                3,
                1
            ]
        }
    },
    {
        "model": "projects.keyword",
        "pk": 5,
        "fields": {
            "word": "Vue.js",
            "_projects": [
                3,
                1
            ]
        }
    },
    {
        "model": "projects.keyword",
        "pk": 6,
        "fields": {
            "word": "Redis",
            "_projects": [
                3,
                1
            ]
        }
    },
    {
        "model": "projects.keyword",
        "pk": 7,
        "fields": {
            "word": "PostgreSQL",
            "_projects": [
                2,
                3,
                1
            ]
        }
    },
    {
        "model": "projects.keyword",
        "pk": 8,
        "fields": {
            "word": "Celery Beat",
            "_projects": [
                3,
                1
            ]
        }
    },
    {
        "model": "projects.keyword",
        "pk": 9,
        "fields": {
            "word": "Nginx",
            "_projects": [
                3,
                1
            ]
        }
    },
    {
        "model": "blog.post",
        "pk": 1,
        "fields": {
            "title": "Post Title 1",
            "subtitle": "Post Subtitle 1",
            "contents": "A long-form description for this project has yet to be added.",
            "datetime_created": "2021-01-08T23:57:49.261Z",
            "datetime_changed": "2021-01-08T23:57:49.261Z",
            "project": 1
        }
    },
    {
        "model": "blog.post",
        "pk": 2,
        "fields": {
            "title": "Post Title 2",
            "subtitle": "Post Subtitle 2",
            "contents": "A long-form description for this project has yet to be added.",
            "datetime_created": "2021-01-08T23:57:54.710Z",
            "datetime_changed": "2021-01-08T23:57:54.710Z",
            "project": 2
        }
    },
    {
        "model": "blog.post",
        "pk": 3,
        "fields": {
            "title": "Post Title 3",
            "subtitle": "Post Subtitle 3",
            "contents": "A long-form description for this project has yet to be added.",
            "datetime_created": "2021-01-08T23:57:58.960Z",
            "datetime_changed": "2021-01-08T23:57:58.960Z",
            "project": null
        }
    },
    {
        "model": "blog.post",
        "pk": 4,
        "fields": {
            "title": "Post Title 4",
            "subtitle": "Post Subtitle 4",
            "contents": "A long-form description for this project has yet to be added.",
            "datetime_created": "2021-01-08T23:58:01.676Z",
            "datetime_changed": "2021-01-08T23:58:01.676Z",
            "project": null
        }
    },
    {
        "model": "blog.post",
        "pk": 5,
        "fields": {
            "title": "Post Title 5",
            "subtitle": "Post Subtitle 5",
            "contents": "A long-form description for this project has yet to be added.",
            "datetime_created": "2021-01-08T23:58:04.009Z",
            "datetime_changed": "2021-01-08T23:58:04.009Z",
            "project": null
        }
    },
    {
        "model": "blog.post",
        "pk": 6,
        "fields": {
            "title": "Post Title 6",
            "subtitle": "Post Subtitle 6",
            "contents": "A long-form description for this project has yet to be added.",
            "datetime_created": "2021-01-08T23:58:07.461Z",
            "datetime_changed": "2021-01-08T23:58:07.461Z",
            "project": null
        }
    },
    {
        "model": "blog.post",
        "pk": 7,
        "fields": {
            "title": "Post Title 7",
            "subtitle": "Post Subtitle 7",
            "contents": "A long-form description for this project has yet to be added.",
            "datetime_created": "2021-01-08T23:58:09.974Z",
            "datetime_changed": "2021-01-08T23:58:09.974Z",
            "project": null
        }
    },
    {
        "model": "blog.post",
        "pk": 8,
        "fields": {
            "title": "Post Title 8",
            "subtitle": "Post Subtitle 8",
            "contents": "A long-form description for this project has yet to be added.",
            "datetime_created": "2021-01-08T23:58:12.825Z",
            "datetime_changed": "2021-01-08T23:58:12.825Z",
            "project": null
        }
    },
    {
        "model": "blog.post",
        "pk": 9,
        "fields": {
            "title": "Post Title 9",
            "subtitle": "Post Subtitle 9",
            "contents": "A long-form description for this project has yet to be added.",
            "datetime_created": "2021-01-08T23:58:15.458Z",
            "datetime_changed": "2021-01-08T23:58:15.458Z",
            "project": null
        }
    },
    {
        "model": "blog.post",
        "pk": 10,
        "fields": {
            "title": "Post Title 10",
            "subtitle": "Post Subtitle 10",
            "contents": "A long-form description for this project has yet to be added.",
            "datetime_created": "2021-01-08T23:58:19.744Z",
            "datetime_changed": "2021-01-08T23:58:19.744Z",
            "project": null
        }
    },
    {
        "model": "blog.post",
        "pk": 11,
        "fields": {
            "title": "Post Title 11",
            "subtitle": "Post Subtitle 11",
            "contents": "A long-form description for this project has yet to be added.",
            "datetime_created": "2021-01-08T23:58:23.034Z",
            "datetime_changed": "2021-01-08T23:58:23.034Z",
            "project": null
        }
    },
    {
        "model": "blog.post",
        "pk": 12,
        "fields": {
            "title": "Post Title 12",
            "subtitle": "Post Subtitle 12",
            "contents": "A long-form description for this project has yet to be added.",
            "datetime_created": "2021-01-08T23:58:27.531Z",
            "datetime_changed": "2021-01-08T23:58:27.531Z",
            "project": null
        }
    },
    {
        "model": "blog.post",
        "pk": 13,
        "fields": {
            "title": "Post Title 13",
            "subtitle": "Post Subtitle 13",
            "contents": "A long-form description for this project has yet to be added.",
            "datetime_created": "2021-01-08T23:58:30.897Z",
            "datetime_changed": "2021-01-08T23:58:30.897Z",
            "project": null
        }
    },
    {
        "model": "blog.post",
        "pk": 14,
        "fields": {
            "title": "Post Title 14",
            "subtitle": "Post Subtitle 14",
            "contents": "A long-form description for this project has yet to be added.",
            "datetime_created": "2021-01-08T23:58:33.375Z",
            "datetime_changed": "2021-01-08T23:58:33.375Z",
            "project": null
        }
    },
    {
        "model": "blog.post",
        "pk": 15,
        "fields": {
            "title": "Post Title 15",
            "subtitle": "Post Subtitle 15",
            "contents": "A long-form description for this project has yet to be added.",
            "datetime_created": "2021-01-08T23:58:38.129Z",
            "datetime_changed": "2021-01-08T23:58:38.129Z",
            "project": null
        }
    },
    {
        "model": "blog.post",
        "pk": 16,
        "fields": {
            "title": "Post Title 16",
            "subtitle": "Post Subtitle 16",
            "contents": "A long-form description for this project has yet to be added.",
            "datetime_created": "2021-01-08T23:58:41.377Z",
            "datetime_changed": "2021-01-08T23:58:41.377Z",
            "project": null
        }
    },
    {
        "model": "blog.post",
        "pk": 17,
        "fields": {
            "title": "Post Title 17",
            "subtitle": "Post Subtitle 17",
            "contents": "A long-form description for this project has yet to be added.",
            "datetime_created": "2021-01-08T23:58:44.745Z",
            "datetime_changed": "2021-01-08T23:58:44.745Z",
            "project": null
        }
    },
    {
        "model": "blog.post",
        "pk": 18,
        "fields": {
            "title": "Post Title 18",
            "subtitle": "Post Subtitle 18",
            "contents": "A long-form description for this project has yet to be added.",
            "datetime_created": "2021-01-08T23:58:49.621Z",
            "datetime_changed": "2021-01-08T23:58:49.621Z",
            "project": null
        }
    },
    {
        "model": "blog.post",
        "pk": 19,
        "fields": {
            "title": "Post Title 19",
            "subtitle": "Post Subtitle 19",
            "contents": "A long-form description for this project has yet to be added.",
            "datetime_created": "2021-01-08T23:58:54.026Z",
            "datetime_changed": "2021-01-08T23:58:54.026Z",
            "project": null
        }
    },
    {
        "model": "blog.post",
        "pk": 20,
        "fields": {
            "title": "Post Title 20",
            "subtitle": "Post Subtitle 20",
            "contents": "A long-form description for this project has yet to be added.",
            "datetime_created": "2021-01-08T23:58:58.710Z",
            "datetime_changed": "2021-01-08T23:58:58.710Z",
            "project": null
        }
    },
    {
        "model": "blog.post",
        "pk": 21,
        "fields": {
            "title": "Post Title 21",
            "subtitle": "Post Subtitle 21",
            "contents": "A long-form description for this project has yet to be added.",
            "datetime_created": "2021-01-08T23:59:02.828Z",
            "datetime_changed": "2021-01-08T23:59:02.828Z",
            "project": null
        }
    },
    {
        "model": "blog.post",
        "pk": 22,
        "fields": {
            "title": "Post Title 22",
            "subtitle": "Post Subtitle 22",
            "contents": "A long-form description for this project has yet to be added.",
            "datetime_created": "2021-01-08T23:59:05.417Z",
            "datetime_changed": "2021-01-08T23:59:05.417Z",
            "project": null
        }
    },
    {
        "model": "blog.post",
        "pk": 23,
        "fields": {
            "title": "Post Title 23",
            "subtitle": "Post Subtitle 23",
            "contents": "A long-form description for this project has yet to be added.",
            "datetime_created": "2021-01-08T23:59:09.128Z",
            "datetime_changed": "2021-01-08T23:59:09.128Z",
            "project": null
        }
    },
    {
        "model": "blog.post",
        "pk": 24,
        "fields": {
            "title": "Post Title 24",
            "subtitle": "Post Subtitle 24",
            "contents": "A long-form description for this project has yet to be added.",
            "datetime_created": "2021-01-08T23:59:13.412Z",
            "datetime_changed": "2021-01-08T23:59:13.412Z",
            "project": 2
        }
    },
    {
        "model": "blog.post",
        "pk": 25,
        "fields": {
            "title": "Post Title 25",
            "subtitle": "Post Subtitle 25",
            "contents": "A long-form description for this project has yet to be added.",
            "datetime_created": "2021-01-08T23:59:17.462Z",
            "datetime_changed": "2021-01-08T23:59:17.462Z",
            "project": 3
        }
    },
    {
        "model": "blog.post",
        "pk": 26,
        "fields": {
            "title": "Post Title 26",
            "subtitle": "Post Subtitle 26",
            "contents": "A long-form description for this project has yet to be added.",
            "datetime_created": "2021-01-08T23:59:24.596Z",
            "datetime_changed": "2021-01-08T23:59:24.596Z",
            "project": 1
        }
    },
    {
        "model": "blog.post",
        "pk": 27,
        "fields": {
            "title": "Post Title 27",
            "subtitle": "Post Subtitle 27",
            "contents": "A long-form description for this project has yet to be added.",
            "datetime_created": "2021-01-08T23:59:30.433Z",
            "datetime_changed": "2021-01-08T23:59:30.433Z",
            "project": 2
        }
    },
    {
        "model": "feed.projectcreatedactivity",
        "pk": 1,
        "fields": {
            "datetime_created": "2021-01-08T23:46:33.623Z",
            "text": "I created a new project titled Former Personal Website!",
            "project": 2
        }
    },
    {
        "model": "feed.projecteditedactivity",
        "pk": 1,
        "fields": {
            "datetime_created": "2021-01-08T23:56:18.956Z",
            "text": "I edited my project titled Inventory Checker!",
            "project": 3
        }
    },
    {
        "model": "feed.projecteditedactivity",
        "pk": 2,
        "fields": {
            "datetime_created": "2021-01-08T23:56:44.704Z",
            "text": "I edited my project titled Inventory Checker!",
            "project": 3
        }
    },
    {
        "model": "feed.projecteditedactivity",
        "pk": 3,
        "fields": {
            "datetime_created": "2021-01-08T23:56:59.920Z",
            "text": "I edited my project titled Inventory Checker!",
            "project": 3
        }
    },
    {
        "model": "feed.projecteditedactivity",
        "pk": 4,
        "fields": {
            "datetime_created": "2021-01-08T23:57:02.127Z",
            "text": "I edited my project titled Former Personal Website!",
            "project": 2
        }
    },
    {
        "model": "feed.projecteditedactivity",
        "pk": 5,
        "fields": {
            "datetime_created": "2021-01-08T23:57:02.540Z",
            "text": "I edited my project titled Former Personal Website!",
            "project": 2
        }
    },
    {
        "model": "feed.projecteditedactivity",
        "pk": 6,
        "fields": {
            "datetime_created": "2021-01-08T23:57:03.541Z",
            "text": "I edited my project titled Former Personal Website!",
            "project": 2
        }
    },
    {
        "model": "feed.projecteditedactivity",
        "pk": 7,
        "fields": {
            "datetime_created": "2021-01-08T23:57:04.129Z",
            "text": "I edited my project titled Former Personal Website!",
            "project": 2
        }
    },
    {
        "model": "feed.projecteditedactivity",
        "pk": 8,
        "fields": {
            "datetime_created": "2021-01-08T23:57:04.543Z",
            "text": "I edited my project titled Former Personal Website!",
            "project": 2
        }
    },
    {
        "model": "feed.projecteditedactivity",
        "pk": 9,
        "fields": {
            "datetime_created": "2021-01-08T23:57:05.461Z",
            "text": "I edited my project titled Former Personal Website!",
            "project": 2
        }
    },
    {
        "model": "feed.projecteditedactivity",
        "pk": 10,
        "fields": {
            "datetime_created": "2021-01-08T23:57:05.544Z",
            "text": "I edited my project titled Former Personal Website!",
            "project": 2
        }
    },
    {
        "model": "feed.postcreatedactivity",
        "pk": 1,
        "fields": {
            "datetime_created": "2021-01-08T23:57:54.341Z",
            "text": "I created a new blog post titled Post Title 1!",
            "post": 1
        }
    },
    {
        "model": "feed.postcreatedactivity",
        "pk": 2,
        "fields": {
            "datetime_created": "2021-01-08T23:58:00.055Z",
            "text": "I created a new blog post titled Post Title 2!",
            "post": 2
        }
    },
    {
        "model": "feed.postcreatedactivity",
        "pk": 3,
        "fields": {
            "datetime_created": "2021-01-08T23:58:04.017Z",
            "text": "I created a new blog post titled Post Title 3!",
            "post": 3
        }
    },
    {
        "model": "feed.postcreatedactivity",
        "pk": 4,
        "fields": {
            "datetime_created": "2021-01-08T23:58:07.068Z",
            "text": "I created a new blog post titled Post Title 4!",
            "post": 4
        }
    },
    {
        "model": "feed.postcreatedactivity",
        "pk": 5,
        "fields": {
            "datetime_created": "2021-01-08T23:58:09.473Z",
            "text": "I created a new blog post titled Post Title 5!",
            "post": 5
        }
    },
    {
        "model": "feed.postcreatedactivity",
        "pk": 6,
        "fields": {
            "datetime_created": "2021-01-08T23:58:12.716Z",
            "text": "I created a new blog post titled Post Title 6!",
            "post": 6
        }
    },
    {
        "model": "feed.postcreatedactivity",
        "pk": 7,
        "fields": {
            "datetime_created": "2021-01-08T23:58:14.984Z",
            "text": "I created a new blog post titled Post Title 7!",
            "post": 7
        }
    },
    {
        "model": "feed.postcreatedactivity",
        "pk": 8,
        "fields": {
            "datetime_created": "2021-01-08T23:58:18.203Z",
            "text": "I created a new blog post titled Post Title 8!",
            "post": 8
        }
    },
    {
        "model": "feed.postcreatedactivity",
        "pk": 9,
        "fields": {
            "datetime_created": "2021-01-08T23:58:20.796Z",
            "text": "I created a new blog post titled Post Title 9!",
            "post": 9
        }
    },
    {
        "model": "feed.postcreatedactivity",
        "pk": 10,
        "fields": {
            "datetime_created": "2021-01-08T23:58:25.103Z",
            "text": "I created a new blog post titled Post Title 10!",
            "post": 10
        }
    },
    {
        "model": "feed.postcreatedactivity",
        "pk": 11,
        "fields": {
            "datetime_created": "2021-01-08T23:58:28.212Z",
            "text": "I created a new blog post titled Post Title 11!",
            "post": 11
        }
    },
    {
        "model": "feed.postcreatedactivity",
        "pk": 12,
        "fields": {
            "datetime_created": "2021-01-08T23:58:32.721Z",
            "text": "I created a new blog post titled Post Title 12!",
            "post": 12
        }
    },
    {
        "model": "feed.postcreatedactivity",
        "pk": 13,
        "fields": {
            "datetime_created": "2021-01-08T23:58:36.220Z",
            "text": "I created a new blog post titled Post Title 13!",
            "post": 13
        }
    },
    {
        "model": "feed.postcreatedactivity",
        "pk": 14,
        "fields": {
            "datetime_created": "2021-01-08T23:58:39.234Z",
            "text": "I created a new blog post titled Post Title 14!",
            "post": 14
        }
    },
    {
        "model": "feed.postcreatedactivity",
        "pk": 15,
        "fields": {
            "datetime_created": "2021-01-08T23:58:43.441Z",
            "text": "I created a new blog post titled Post Title 15!",
            "post": 15
        }
    },
    {
        "model": "feed.postcreatedactivity",
        "pk": 16,
        "fields": {
            "datetime_created": "2021-01-08T23:58:46.947Z",
            "text": "I created a new blog post titled Post Title 16!",
            "post": 16
        }
    },
    {
        "model": "feed.postcreatedactivity",
        "pk": 17,
        "fields": {
            "datetime_created": "2021-01-08T23:58:50.235Z",
            "text": "I created a new blog post titled Post Title 17!",
            "post": 17
        }
    },
    {
        "model": "feed.postcreatedactivity",
        "pk": 18,
        "fields": {
            "datetime_created": "2021-01-08T23:58:55.062Z",
            "text": "I created a new blog post titled Post Title 18!",
            "post": 18
        }
    },
    {
        "model": "feed.postcreatedactivity",
        "pk": 19,
        "fields": {
            "datetime_created": "2021-01-08T23:58:59.770Z",
            "text": "I created a new blog post titled Post Title 19!",
            "post": 19
        }
    },
    {
        "model": "feed.postcreatedactivity",
        "pk": 20,
        "fields": {
            "datetime_created": "2021-01-08T23:59:03.878Z",
            "text": "I created a new blog post titled Post Title 20!",
            "post": 20
        }
    },
    {
        "model": "feed.postcreatedactivity",
        "pk": 21,
        "fields": {
            "datetime_created": "2021-01-08T23:59:08.249Z",
            "text": "I created a new blog post titled Post Title 21!",
            "post": 21
        }
    },
    {
        "model": "feed.postcreatedactivity",
        "pk": 22,
        "fields": {
            "datetime_created": "2021-01-08T23:59:11.192Z",
            "text": "I created a new blog post titled Post Title 22!",
            "post": 22
        }
    },
    {
        "model": "feed.postcreatedactivity",
        "pk": 23,
        "fields": {
            "datetime_created": "2021-01-08T23:59:14.253Z",
            "text": "I created a new blog post titled Post Title 23!",
            "post": 23
        }
    },
    {
        "model": "feed.postcreatedactivity",
        "pk": 24,
        "fields": {
            "datetime_created": "2021-01-08T23:59:18.508Z",
            "text": "I created a new blog post titled Post Title 24!",
            "post": 24
        }
    },
    {
        "model": "feed.postcreatedactivity",
        "pk": 25,
        "fields": {
            "datetime_created": "2021-01-08T23:59:22.518Z",
            "text": "I created a new blog post titled Post Title 25!",
            "post": 25
        }
    },
    {
        "model": "feed.postcreatedactivity",
        "pk": 26,
        "fields": {
            "datetime_created": "2021-01-08T23:59:29.632Z",
            "text": "I created a new blog post titled Post Title 26!",
            "post": 26
        }
    },
    {
        "model": "feed.postcreatedactivity",
        "pk": 27,
        "fields": {
            "datetime_created": "2021-01-08T23:59:35.481Z",
            "text": "I created a new blog post titled Post Title 27!",
            "post": 27
        }
    }
]