[{"model": "admin.logentry", "pk": 1, "fields": {"action_time": "2021-01-03T20:51:23.555Z", "user": 1, "content_type": 11, "object_id": "4", "object_repr": "A New Project to Test Project Creation Activities", "action_flag": 1, "change_message": "[{\"added\": {}}]"}}, {"model": "admin.logentry", "pk": 2, "fields": {"action_time": "2021-01-03T20:52:01.345Z", "user": 1, "content_type": 11, "object_id": "4", "object_repr": "A New Project to Test Project Creation Activities", "action_flag": 2, "change_message": "[{\"changed\": {\"fields\": [\"Description verbose\", \" category\"]}}]"}}, {"model": "admin.logentry", "pk": 3, "fields": {"action_time": "2021-01-03T21:10:47.904Z", "user": 1, "content_type": 12, "object_id": "52", "object_repr": "Post Title - Post Subtitle", "action_flag": 1, "change_message": "[{\"added\": {}}]"}}, {"model": "admin.logentry", "pk": 4, "fields": {"action_time": "2021-01-03T21:11:06.004Z", "user": 1, "content_type": 12, "object_id": "52", "object_repr": "Post Title 47 - Post Subtitle 47", "action_flag": 2, "change_message": "[{\"changed\": {\"fields\": [\"Title\", \"Subtitle\"]}}]"}}, {"model": "admin.logentry", "pk": 5, "fields": {"action_time": "2021-01-03T21:11:36.933Z", "user": 1, "content_type": 12, "object_id": "52", "object_repr": "Post Title 47 - Post Subtitle 47", "action_flag": 2, "change_message": "[]"}}, {"model": "admin.logentry", "pk": 6, "fields": {"action_time": "2021-01-03T21:11:56.151Z", "user": 1, "content_type": 12, "object_id": "52", "object_repr": "Post Title 47 - Post Subtitle 47", "action_flag": 2, "change_message": "[]"}}, {"model": "admin.logentry", "pk": 7, "fields": {"action_time": "2021-01-03T22:43:49.409Z", "user": 1, "content_type": 11, "object_id": "3", "object_repr": "Former Personal Website", "action_flag": 2, "change_message": "[]"}}, {"model": "admin.logentry", "pk": 8, "fields": {"action_time": "2021-01-03T22:43:51.592Z", "user": 1, "content_type": 11, "object_id": "3", "object_repr": "Former Personal Website", "action_flag": 2, "change_message": "[]"}}, {"model": "admin.logentry", "pk": 9, "fields": {"action_time": "2021-01-03T22:43:54.904Z", "user": 1, "content_type": 11, "object_id": "3", "object_repr": "Former Personal Website", "action_flag": 2, "change_message": "[]"}}, {"model": "admin.logentry", "pk": 10, "fields": {"action_time": "2021-01-03T23:10:12.156Z", "user": 1, "content_type": 12, "object_id": "53", "object_repr": "Post Title 48 - Post Subtitle 48", "action_flag": 1, "change_message": "[{\"added\": {}}]"}}, {"model": "auth.permission", "pk": 1, "fields": {"name": "Can add log entry", "content_type": 1, "codename": "add_logentry"}}, {"model": "auth.permission", "pk": 2, "fields": {"name": "Can change log entry", "content_type": 1, "codename": "change_logentry"}}, {"model": "auth.permission", "pk": 3, "fields": {"name": "Can delete log entry", "content_type": 1, "codename": "delete_logentry"}}, {"model": "auth.permission", "pk": 4, "fields": {"name": "Can view log entry", "content_type": 1, "codename": "view_logentry"}}, {"model": "auth.permission", "pk": 5, "fields": {"name": "Can add permission", "content_type": 2, "codename": "add_permission"}}, {"model": "auth.permission", "pk": 6, "fields": {"name": "Can change permission", "content_type": 2, "codename": "change_permission"}}, {"model": "auth.permission", "pk": 7, "fields": {"name": "Can delete permission", "content_type": 2, "codename": "delete_permission"}}, {"model": "auth.permission", "pk": 8, "fields": {"name": "Can view permission", "content_type": 2, "codename": "view_permission"}}, {"model": "auth.permission", "pk": 9, "fields": {"name": "Can add group", "content_type": 3, "codename": "add_group"}}, {"model": "auth.permission", "pk": 10, "fields": {"name": "Can change group", "content_type": 3, "codename": "change_group"}}, {"model": "auth.permission", "pk": 11, "fields": {"name": "Can delete group", "content_type": 3, "codename": "delete_group"}}, {"model": "auth.permission", "pk": 12, "fields": {"name": "Can view group", "content_type": 3, "codename": "view_group"}}, {"model": "auth.permission", "pk": 13, "fields": {"name": "Can add user", "content_type": 4, "codename": "add_user"}}, {"model": "auth.permission", "pk": 14, "fields": {"name": "Can change user", "content_type": 4, "codename": "change_user"}}, {"model": "auth.permission", "pk": 15, "fields": {"name": "Can delete user", "content_type": 4, "codename": "delete_user"}}, {"model": "auth.permission", "pk": 16, "fields": {"name": "Can view user", "content_type": 4, "codename": "view_user"}}, {"model": "auth.permission", "pk": 17, "fields": {"name": "Can add content type", "content_type": 5, "codename": "add_contenttype"}}, {"model": "auth.permission", "pk": 18, "fields": {"name": "Can change content type", "content_type": 5, "codename": "change_contenttype"}}, {"model": "auth.permission", "pk": 19, "fields": {"name": "Can delete content type", "content_type": 5, "codename": "delete_contenttype"}}, {"model": "auth.permission", "pk": 20, "fields": {"name": "Can view content type", "content_type": 5, "codename": "view_contenttype"}}, {"model": "auth.permission", "pk": 21, "fields": {"name": "Can add session", "content_type": 6, "codename": "add_session"}}, {"model": "auth.permission", "pk": 22, "fields": {"name": "Can change session", "content_type": 6, "codename": "change_session"}}, {"model": "auth.permission", "pk": 23, "fields": {"name": "Can delete session", "content_type": 6, "codename": "delete_session"}}, {"model": "auth.permission", "pk": 24, "fields": {"name": "Can view session", "content_type": 6, "codename": "view_session"}}, {"model": "auth.permission", "pk": 25, "fields": {"name": "Can add blacklisted token", "content_type": 7, "codename": "add_blacklistedtoken"}}, {"model": "auth.permission", "pk": 26, "fields": {"name": "Can change blacklisted token", "content_type": 7, "codename": "change_blacklistedtoken"}}, {"model": "auth.permission", "pk": 27, "fields": {"name": "Can delete blacklisted token", "content_type": 7, "codename": "delete_blacklistedtoken"}}, {"model": "auth.permission", "pk": 28, "fields": {"name": "Can view blacklisted token", "content_type": 7, "codename": "view_blacklistedtoken"}}, {"model": "auth.permission", "pk": 29, "fields": {"name": "Can add outstanding token", "content_type": 8, "codename": "add_outstandingtoken"}}, {"model": "auth.permission", "pk": 30, "fields": {"name": "Can change outstanding token", "content_type": 8, "codename": "change_outstandingtoken"}}, {"model": "auth.permission", "pk": 31, "fields": {"name": "Can delete outstanding token", "content_type": 8, "codename": "delete_outstandingtoken"}}, {"model": "auth.permission", "pk": 32, "fields": {"name": "Can view outstanding token", "content_type": 8, "codename": "view_outstandingtoken"}}, {"model": "auth.permission", "pk": 33, "fields": {"name": "Can add contact form", "content_type": 9, "codename": "add_contactform"}}, {"model": "auth.permission", "pk": 34, "fields": {"name": "Can change contact form", "content_type": 9, "codename": "change_contactform"}}, {"model": "auth.permission", "pk": 35, "fields": {"name": "Can delete contact form", "content_type": 9, "codename": "delete_contactform"}}, {"model": "auth.permission", "pk": 36, "fields": {"name": "Can view contact form", "content_type": 9, "codename": "view_contactform"}}, {"model": "auth.permission", "pk": 37, "fields": {"name": "Can add keyword", "content_type": 10, "codename": "add_keyword"}}, {"model": "auth.permission", "pk": 38, "fields": {"name": "Can change keyword", "content_type": 10, "codename": "change_keyword"}}, {"model": "auth.permission", "pk": 39, "fields": {"name": "Can delete keyword", "content_type": 10, "codename": "delete_keyword"}}, {"model": "auth.permission", "pk": 40, "fields": {"name": "Can view keyword", "content_type": 10, "codename": "view_keyword"}}, {"model": "auth.permission", "pk": 41, "fields": {"name": "Can add project", "content_type": 11, "codename": "add_project"}}, {"model": "auth.permission", "pk": 42, "fields": {"name": "Can change project", "content_type": 11, "codename": "change_project"}}, {"model": "auth.permission", "pk": 43, "fields": {"name": "Can delete project", "content_type": 11, "codename": "delete_project"}}, {"model": "auth.permission", "pk": 44, "fields": {"name": "Can view project", "content_type": 11, "codename": "view_project"}}, {"model": "auth.permission", "pk": 45, "fields": {"name": "Can add post", "content_type": 12, "codename": "add_post"}}, {"model": "auth.permission", "pk": 46, "fields": {"name": "Can change post", "content_type": 12, "codename": "change_post"}}, {"model": "auth.permission", "pk": 47, "fields": {"name": "Can delete post", "content_type": 12, "codename": "delete_post"}}, {"model": "auth.permission", "pk": 48, "fields": {"name": "Can view post", "content_type": 12, "codename": "view_post"}}, {"model": "auth.permission", "pk": 49, "fields": {"name": "Can add project edited activity", "content_type": 13, "codename": "add_projecteditedactivity"}}, {"model": "auth.permission", "pk": 50, "fields": {"name": "Can change project edited activity", "content_type": 13, "codename": "change_projecteditedactivity"}}, {"model": "auth.permission", "pk": 51, "fields": {"name": "Can delete project edited activity", "content_type": 13, "codename": "delete_projecteditedactivity"}}, {"model": "auth.permission", "pk": 52, "fields": {"name": "Can view project edited activity", "content_type": 13, "codename": "view_projecteditedactivity"}}, {"model": "auth.permission", "pk": 53, "fields": {"name": "Can add project created activity", "content_type": 14, "codename": "add_projectcreatedactivity"}}, {"model": "auth.permission", "pk": 54, "fields": {"name": "Can change project created activity", "content_type": 14, "codename": "change_projectcreatedactivity"}}, {"model": "auth.permission", "pk": 55, "fields": {"name": "Can delete project created activity", "content_type": 14, "codename": "delete_projectcreatedactivity"}}, {"model": "auth.permission", "pk": 56, "fields": {"name": "Can view project created activity", "content_type": 14, "codename": "view_projectcreatedactivity"}}, {"model": "auth.permission", "pk": 57, "fields": {"name": "Can add post edited activity", "content_type": 15, "codename": "add_posteditedactivity"}}, {"model": "auth.permission", "pk": 58, "fields": {"name": "Can change post edited activity", "content_type": 15, "codename": "change_posteditedactivity"}}, {"model": "auth.permission", "pk": 59, "fields": {"name": "Can delete post edited activity", "content_type": 15, "codename": "delete_posteditedactivity"}}, {"model": "auth.permission", "pk": 60, "fields": {"name": "Can view post edited activity", "content_type": 15, "codename": "view_posteditedactivity"}}, {"model": "auth.permission", "pk": 61, "fields": {"name": "Can add post created activity", "content_type": 16, "codename": "add_postcreatedactivity"}}, {"model": "auth.permission", "pk": 62, "fields": {"name": "Can change post created activity", "content_type": 16, "codename": "change_postcreatedactivity"}}, {"model": "auth.permission", "pk": 63, "fields": {"name": "Can delete post created activity", "content_type": 16, "codename": "delete_postcreatedactivity"}}, {"model": "auth.permission", "pk": 64, "fields": {"name": "Can view post created activity", "content_type": 16, "codename": "view_postcreatedactivity"}}, {"model": "auth.user", "pk": 1, "fields": {"password": "pbkdf2_sha256$216000$MwOD8bwv7hyv$314n4vFZoY/haInqnVrZ1IDQG9wp37j1mOy8XbV9XLw=", "last_login": "2021-01-03T20:50:34.101Z", "is_superuser": true, "username": "admin", "first_name": "", "last_name": "", "email": "", "is_staff": true, "is_active": true, "date_joined": "2020-12-31T17:29:03.659Z", "groups": [], "user_permissions": []}}, {"model": "contenttypes.contenttype", "pk": 1, "fields": {"app_label": "admin", "model": "logentry"}}, {"model": "contenttypes.contenttype", "pk": 2, "fields": {"app_label": "auth", "model": "permission"}}, {"model": "contenttypes.contenttype", "pk": 3, "fields": {"app_label": "auth", "model": "group"}}, {"model": "contenttypes.contenttype", "pk": 4, "fields": {"app_label": "auth", "model": "user"}}, {"model": "contenttypes.contenttype", "pk": 5, "fields": {"app_label": "contenttypes", "model": "contenttype"}}, {"model": "contenttypes.contenttype", "pk": 6, "fields": {"app_label": "sessions", "model": "session"}}, {"model": "contenttypes.contenttype", "pk": 7, "fields": {"app_label": "token_blacklist", "model": "blacklistedtoken"}}, {"model": "contenttypes.contenttype", "pk": 8, "fields": {"app_label": "token_blacklist", "model": "outstandingtoken"}}, {"model": "contenttypes.contenttype", "pk": 9, "fields": {"app_label": "contact", "model": "contactform"}}, {"model": "contenttypes.contenttype", "pk": 10, "fields": {"app_label": "projects", "model": "keyword"}}, {"model": "contenttypes.contenttype", "pk": 11, "fields": {"app_label": "projects", "model": "project"}}, {"model": "contenttypes.contenttype", "pk": 12, "fields": {"app_label": "blog", "model": "post"}}, {"model": "contenttypes.contenttype", "pk": 13, "fields": {"app_label": "feed", "model": "projecteditedactivity"}}, {"model": "contenttypes.contenttype", "pk": 14, "fields": {"app_label": "feed", "model": "projectcreatedactivity"}}, {"model": "contenttypes.contenttype", "pk": 15, "fields": {"app_label": "feed", "model": "posteditedactivity"}}, {"model": "contenttypes.contenttype", "pk": 16, "fields": {"app_label": "feed", "model": "postcreatedactivity"}}, {"model": "sessions.session", "pk": "nou8c7ug11fo6wml61rsatq9u6jwng5d", "fields": {"session_data": ".eJxVjEEOwiAQRe_C2hAodBCX7nuGZpgZpGpoUtqV8e7apAvd_vfef6kRt7WMW5NlnFhdlFWn3y0hPaTugO9Yb7Omua7LlPSu6IM2Pcwsz-vh_h0UbOVbp5w8OzKxIyDmLoDLxoWYxEcIvocsfSQrAQ1kC30gL4TOG0A-W2H1_gDyizg8:1kwAKg:aTxUAUorE8TYSYNSwBfIPABl6_IhAnVgxXOhfjNoxX8", "expire_date": "2021-01-17T20:50:34.104Z"}}, {"model": "projects.project", "pk": 1, "fields": {"title": "Personal Website", "description": "A short-form description for this project has yet to be added.", "description_verbose": "A long-form description for this project has yet to be added.", "datetime_created": "2020-12-31T17:32:59.483Z", "datetime_changed": "2020-12-31T19:24:54.180Z", "_phase": 2, "_category": 1, "_keywords": [3, 2, 1, 5, 4]}}, {"model": "projects.project", "pk": 2, "fields": {"title": "Inventory Checker", "description": "A short-form description for this project.", "description_verbose": "A long-form description for this project.", "datetime_created": "2020-12-31T19:27:48.363Z", "datetime_changed": "2020-12-31T21:30:34.418Z", "_phase": 1, "_category": 1, "_keywords": [3, 2, 1, 5, 4]}}, {"model": "projects.project", "pk": 3, "fields": {"title": "Former Personal Website", "description": "A short-form description.", "description_verbose": "A long-form description.", "datetime_created": "2020-12-31T19:29:19.072Z", "datetime_changed": "2021-01-03T22:43:54.899Z", "_phase": 4, "_category": 1, "_keywords": [2]}}, {"model": "projects.project", "pk": 4, "fields": {"title": "A New Project to Test Project Creation Activities", "description": "A short-form description for this project has yet to be added", "description_verbose": "A long-form description for this project has yet to be added.  dsadd", "datetime_created": "2021-01-03T20:51:23.387Z", "datetime_changed": "2021-01-03T20:52:01.341Z", "_phase": 3, "_category": 2, "_keywords": [1, 5, 4]}}, {"model": "projects.keyword", "pk": 1, "fields": {"word": "Docker", "_projects": [2, 1]}}, {"model": "projects.keyword", "pk": 2, "fields": {"word": "Django", "_projects": [2, 1, 3]}}, {"model": "projects.keyword", "pk": 3, "fields": {"word": "Celery", "_projects": [2, 1]}}, {"model": "projects.keyword", "pk": 4, "fields": {"word": "Vue.js", "_projects": [2, 1]}}, {"model": "projects.keyword", "pk": 5, "fields": {"word": "REST API", "_projects": [2, 1]}}, {"model": "blog.post", "pk": 5, "fields": {"title": "Post Title 1", "subtitle": "Post Subtitle 1", "contents": "A long-form description for this project has yet to be added.", "datetime_created": "2021-01-02T21:29:02.551Z", "datetime_changed": "2021-01-03T17:54:26.591Z", "project": null}}, {"model": "blog.post", "pk": 6, "fields": {"title": "Post Title 2", "subtitle": "Post Subtitle 2", "contents": "A long-form description for this project has yet to be added.", "datetime_created": "2021-01-02T21:39:27.776Z", "datetime_changed": "2021-01-03T17:54:30.698Z", "project": null}}, {"model": "blog.post", "pk": 7, "fields": {"title": "Post Title 3", "subtitle": "Post Subtitle 3", "contents": "A long-form description for this project has yet to be added.", "datetime_created": "2021-01-02T21:39:29.141Z", "datetime_changed": "2021-01-03T17:54:34.998Z", "project": null}}, {"model": "blog.post", "pk": 8, "fields": {"title": "Post Title 4", "subtitle": "Post Subtitle 4", "contents": "A long-form description for this project has yet to be added.", "datetime_created": "2021-01-02T21:39:30.343Z", "datetime_changed": "2021-01-03T17:54:39.796Z", "project": null}}, {"model": "blog.post", "pk": 9, "fields": {"title": "Post Title 5", "subtitle": "Post Subtitle 5", "contents": "A long-form description for this project has yet to be added.", "datetime_created": "2021-01-02T21:39:31.453Z", "datetime_changed": "2021-01-03T17:54:44.043Z", "project": null}}, {"model": "blog.post", "pk": 10, "fields": {"title": "Post Title 6", "subtitle": "Post Subtitle 6", "contents": "A long-form description for this project has yet to be added.", "datetime_created": "2021-01-02T21:39:32.730Z", "datetime_changed": "2021-01-03T17:54:48.472Z", "project": null}}, {"model": "blog.post", "pk": 11, "fields": {"title": "Post Title 7", "subtitle": "Post Subtitle 7", "contents": "A long-form description for this project has yet to be added.", "datetime_created": "2021-01-02T21:39:35.477Z", "datetime_changed": "2021-01-03T17:54:52.590Z", "project": null}}, {"model": "blog.post", "pk": 12, "fields": {"title": "Post Title 8", "subtitle": "Post Subtitle 8", "contents": "A long-form description for this project has yet to be added.", "datetime_created": "2021-01-02T21:39:37.186Z", "datetime_changed": "2021-01-03T17:54:57.237Z", "project": null}}, {"model": "blog.post", "pk": 13, "fields": {"title": "Post Title 9", "subtitle": "Post Subtitle 9", "contents": "A long-form description for this project has yet to be added.", "datetime_created": "2021-01-02T21:39:38.634Z", "datetime_changed": "2021-01-03T17:55:00.975Z", "project": null}}, {"model": "blog.post", "pk": 14, "fields": {"title": "Post Title 10", "subtitle": "Post Subtitle 10", "contents": "A long-form description for this project has yet to be added.", "datetime_created": "2021-01-02T21:39:39.761Z", "datetime_changed": "2021-01-03T17:55:07.317Z", "project": null}}, {"model": "blog.post", "pk": 15, "fields": {"title": "Post Title 11", "subtitle": "Post Subtitle 11", "contents": "A long-form description for this project has yet to be added.", "datetime_created": "2021-01-02T21:39:41.113Z", "datetime_changed": "2021-01-03T17:55:12.002Z", "project": null}}, {"model": "blog.post", "pk": 16, "fields": {"title": "Post Title 12", "subtitle": "Post Subtitle 12", "contents": "A long-form description for this project has yet to be added.", "datetime_created": "2021-01-02T21:39:47.254Z", "datetime_changed": "2021-01-03T17:55:16.286Z", "project": null}}, {"model": "blog.post", "pk": 17, "fields": {"title": "Post Title 13", "subtitle": "Post Subtitle 13", "contents": "A long-form description for this project has yet to be added.", "datetime_created": "2021-01-02T21:39:48.459Z", "datetime_changed": "2021-01-03T17:55:20.886Z", "project": null}}, {"model": "blog.post", "pk": 18, "fields": {"title": "Post Title 14", "subtitle": "Post Subtitle 14", "contents": "A long-form description for this project has yet to be added.", "datetime_created": "2021-01-03T17:49:28.634Z", "datetime_changed": "2021-01-03T17:55:25.159Z", "project": null}}, {"model": "blog.post", "pk": 19, "fields": {"title": "Post Title 15", "subtitle": "Post Subtitle 15", "contents": "A long-form description for this project has yet to be added.", "datetime_created": "2021-01-03T17:49:31.796Z", "datetime_changed": "2021-01-03T17:55:30.088Z", "project": null}}, {"model": "blog.post", "pk": 20, "fields": {"title": "Post Title 16", "subtitle": "Post Subtitle 16", "contents": "A long-form description for this project has yet to be added.", "datetime_created": "2021-01-03T17:49:32.691Z", "datetime_changed": "2021-01-03T17:55:35.648Z", "project": null}}, {"model": "blog.post", "pk": 21, "fields": {"title": "Post Title 17", "subtitle": "Post Subtitle 17", "contents": "A long-form description for this project has yet to be added.", "datetime_created": "2021-01-03T17:49:33.297Z", "datetime_changed": "2021-01-03T17:55:39.852Z", "project": null}}, {"model": "blog.post", "pk": 22, "fields": {"title": "Post Title 18", "subtitle": "Post Subtitle 18", "contents": "A long-form description for this project has yet to be added.", "datetime_created": "2021-01-03T17:49:33.695Z", "datetime_changed": "2021-01-03T17:55:44.677Z", "project": null}}, {"model": "blog.post", "pk": 23, "fields": {"title": "Post Title 19", "subtitle": "Post Subtitle 19", "contents": "A long-form description for this project has yet to be added.", "datetime_created": "2021-01-03T17:49:34.078Z", "datetime_changed": "2021-01-03T17:55:49.909Z", "project": null}}, {"model": "blog.post", "pk": 24, "fields": {"title": "Post Title 20", "subtitle": "Post Subtitle 20", "contents": "A long-form description for this project has yet to be added.", "datetime_created": "2021-01-03T17:49:34.478Z", "datetime_changed": "2021-01-03T17:55:55.019Z", "project": null}}, {"model": "blog.post", "pk": 25, "fields": {"title": "Post Title 21", "subtitle": "Post Subtitle 21", "contents": "A long-form description for this project has yet to be added.", "datetime_created": "2021-01-03T17:49:34.855Z", "datetime_changed": "2021-01-03T17:55:59.868Z", "project": null}}, {"model": "blog.post", "pk": 26, "fields": {"title": "Post Title 22", "subtitle": "Post Subtitle 22", "contents": "A long-form description for this project has yet to be added.", "datetime_created": "2021-01-03T17:49:35.234Z", "datetime_changed": "2021-01-03T17:56:04.358Z", "project": null}}, {"model": "blog.post", "pk": 27, "fields": {"title": "Post Title 23", "subtitle": "Post Subtitle 23", "contents": "A long-form description for this project has yet to be added.", "datetime_created": "2021-01-03T17:49:35.547Z", "datetime_changed": "2021-01-03T17:56:08.792Z", "project": null}}, {"model": "blog.post", "pk": 28, "fields": {"title": "Post Title 24", "subtitle": "Post Subtitle 24", "contents": "A long-form description for this project has yet to be added.", "datetime_created": "2021-01-03T17:49:35.869Z", "datetime_changed": "2021-01-03T17:56:13.159Z", "project": null}}, {"model": "blog.post", "pk": 29, "fields": {"title": "Post Title 25", "subtitle": "Post Subtitle 25", "contents": "A long-form description for this project has yet to be added.", "datetime_created": "2021-01-03T17:49:36.253Z", "datetime_changed": "2021-01-03T17:56:17.608Z", "project": null}}, {"model": "blog.post", "pk": 30, "fields": {"title": "Post Title 26", "subtitle": "Post Subtitle 26", "contents": "A long-form description for this project has yet to be added.", "datetime_created": "2021-01-03T17:49:36.713Z", "datetime_changed": "2021-01-03T17:56:23.954Z", "project": null}}, {"model": "blog.post", "pk": 31, "fields": {"title": "Post Title 27", "subtitle": "Post Subtitle 27", "contents": "A long-form description for this project has yet to be added.", "datetime_created": "2021-01-03T17:49:37.120Z", "datetime_changed": "2021-01-03T17:56:29.737Z", "project": null}}, {"model": "blog.post", "pk": 32, "fields": {"title": "Post Title 28", "subtitle": "Post Subtitle 28", "contents": "A long-form description for this project has yet to be added.", "datetime_created": "2021-01-03T17:49:37.504Z", "datetime_changed": "2021-01-03T17:56:33.921Z", "project": null}}, {"model": "blog.post", "pk": 33, "fields": {"title": "Post Title 29", "subtitle": "Post Subtitle 29", "contents": "A long-form description for this project has yet to be added.", "datetime_created": "2021-01-03T17:49:37.947Z", "datetime_changed": "2021-01-03T17:56:38.811Z", "project": null}}, {"model": "blog.post", "pk": 34, "fields": {"title": "Post Title 30", "subtitle": "Post Subtitle 30", "contents": "A long-form description for this project has yet to be added.", "datetime_created": "2021-01-03T17:49:38.447Z", "datetime_changed": "2021-01-03T17:56:43.638Z", "project": null}}, {"model": "blog.post", "pk": 35, "fields": {"title": "Post Title 31", "subtitle": "Post Subtitle 31", "contents": "A long-form description for this project has yet to be added.", "datetime_created": "2021-01-03T17:49:39.029Z", "datetime_changed": "2021-01-03T17:56:47.885Z", "project": null}}, {"model": "blog.post", "pk": 36, "fields": {"title": "Post Title 32", "subtitle": "Post Subtitle 32", "contents": "A long-form description for this project has yet to be added.", "datetime_created": "2021-01-03T17:49:39.487Z", "datetime_changed": "2021-01-03T17:56:51.614Z", "project": null}}, {"model": "blog.post", "pk": 37, "fields": {"title": "Post Title 33", "subtitle": "Post Subtitle 33", "contents": "A long-form description for this project has yet to be added.", "datetime_created": "2021-01-03T17:49:40.075Z", "datetime_changed": "2021-01-03T17:56:55.373Z", "project": null}}, {"model": "blog.post", "pk": 38, "fields": {"title": "Post Title 34", "subtitle": "Post Subtitle 34", "contents": "A long-form description for this project has yet to be added.", "datetime_created": "2021-01-03T17:49:40.500Z", "datetime_changed": "2021-01-03T17:57:00.010Z", "project": null}}, {"model": "blog.post", "pk": 39, "fields": {"title": "Post Title 35", "subtitle": "Post Subtitle 35", "contents": "A long-form description for this project has yet to be added.", "datetime_created": "2021-01-03T17:49:40.896Z", "datetime_changed": "2021-01-03T17:57:04.675Z", "project": null}}, {"model": "blog.post", "pk": 40, "fields": {"title": "Post Title 36", "subtitle": "Post Subtitle 36", "contents": "A long-form description for this project has yet to be added.", "datetime_created": "2021-01-03T17:49:41.316Z", "datetime_changed": "2021-01-03T17:57:09.622Z", "project": null}}, {"model": "blog.post", "pk": 41, "fields": {"title": "Post Title 37", "subtitle": "Post Subtitle 37", "contents": "A long-form description for this project has yet to be added.", "datetime_created": "2021-01-03T17:49:41.714Z", "datetime_changed": "2021-01-03T17:57:13.618Z", "project": null}}, {"model": "blog.post", "pk": 42, "fields": {"title": "Post Title 38", "subtitle": "Post Subtitle 38", "contents": "A long-form description for this project has yet to be added.", "datetime_created": "2021-01-03T17:49:42.146Z", "datetime_changed": "2021-01-03T17:57:18.239Z", "project": null}}, {"model": "blog.post", "pk": 43, "fields": {"title": "Post Title 39", "subtitle": "Post Subtitle 39", "contents": "A long-form description for this project has yet to be added.", "datetime_created": "2021-01-03T17:49:42.529Z", "datetime_changed": "2021-01-03T17:57:22.356Z", "project": null}}, {"model": "blog.post", "pk": 44, "fields": {"title": "Post Title 40", "subtitle": "Post Subtitle 40", "contents": "A long-form description for this project has yet to be added.", "datetime_created": "2021-01-03T17:49:42.919Z", "datetime_changed": "2021-01-03T17:57:29.197Z", "project": null}}, {"model": "blog.post", "pk": 45, "fields": {"title": "Post Title 41", "subtitle": "Post Subtitle 41", "contents": "A long-form description for this project has yet to be added.", "datetime_created": "2021-01-03T17:49:43.347Z", "datetime_changed": "2021-01-03T17:57:32.906Z", "project": null}}, {"model": "blog.post", "pk": 46, "fields": {"title": "Post Title 42", "subtitle": "Post Subtitle 42", "contents": "A long-form description for this project has yet to be added.", "datetime_created": "2021-01-03T17:49:43.779Z", "datetime_changed": "2021-01-03T17:57:36.851Z", "project": null}}, {"model": "blog.post", "pk": 47, "fields": {"title": "Post Title 43", "subtitle": "Post Subtitle 43", "contents": "A long-form description for this project has yet to be added.", "datetime_created": "2021-01-03T17:49:44.139Z", "datetime_changed": "2021-01-03T17:57:43.246Z", "project": null}}, {"model": "blog.post", "pk": 48, "fields": {"title": "Post Title 44", "subtitle": "Post Subtitle 44", "contents": "A long-form description for this project has yet to be added.", "datetime_created": "2021-01-03T17:49:44.474Z", "datetime_changed": "2021-01-03T17:57:47.191Z", "project": null}}, {"model": "blog.post", "pk": 49, "fields": {"title": "Post Title 45", "subtitle": "Post Subtitle 45", "contents": "A long-form description for this project has yet to be added.", "datetime_created": "2021-01-03T17:49:44.789Z", "datetime_changed": "2021-01-03T17:57:52.745Z", "project": null}}, {"model": "blog.post", "pk": 50, "fields": {"title": "Post Title 46", "subtitle": "Post Subtitle 46", "contents": "A long-form description for this project has yet to be added.", "datetime_created": "2021-01-03T17:49:45.155Z", "datetime_changed": "2021-01-03T17:57:56.442Z", "project": null}}, {"model": "blog.post", "pk": 52, "fields": {"title": "Post Title 47", "subtitle": "Post Subtitle 47", "contents": "A long-form description for this project has yet to be added.", "datetime_created": "2021-01-03T21:10:47.771Z", "datetime_changed": "2021-01-03T21:11:56.148Z", "project": null}}, {"model": "blog.post", "pk": 53, "fields": {"title": "Post Title 48", "subtitle": "Post Subtitle 48", "contents": "A long-form description for this project has yet to be added.", "datetime_created": "2021-01-03T23:10:11.986Z", "datetime_changed": "2021-01-03T23:10:11.987Z", "project": null}}, {"model": "feed.projectcreatedactivity", "pk": 1, "fields": {"datetime_created": "2021-01-03T20:51:23.569Z", "text": "I created a new project titled A New Project to Test Project Creation Activities!", "project": 4}}, {"model": "feed.projecteditedactivity", "pk": 1, "fields": {"datetime_created": "2021-01-03T20:52:01.355Z", "text": "I edited my project titled A New Project to Test Project Creation Activities!", "project": 4}}, {"model": "feed.projecteditedactivity", "pk": 2, "fields": {"datetime_created": "2021-01-03T22:43:49.422Z", "text": "I edited my project titled Former Personal Website!", "project": 3}}, {"model": "feed.projecteditedactivity", "pk": 3, "fields": {"datetime_created": "2021-01-03T22:43:51.605Z", "text": "I edited my project titled Former Personal Website!", "project": 3}}, {"model": "feed.projecteditedactivity", "pk": 4, "fields": {"datetime_created": "2021-01-03T22:43:54.914Z", "text": "I edited my project titled Former Personal Website!", "project": 3}}, {"model": "feed.postcreatedactivity", "pk": 1, "fields": {"datetime_created": "2021-01-03T21:10:47.920Z", "text": "I created a new blog post titled Post Title!", "post": 52}}, {"model": "feed.postcreatedactivity", "pk": 2, "fields": {"datetime_created": "2021-01-03T23:10:12.167Z", "text": "I created a new blog post titled Post Title 48!", "post": 53}}, {"model": "feed.posteditedactivity", "pk": 1, "fields": {"datetime_created": "2021-01-03T21:11:56.170Z", "text": "I edited my blog post titled Post Title 47!", "post": 52}}]