[
    {
        "model": "admin.logentry",
        "pk": 1,
        "fields": {
            "action_time": "2020-12-31T17:31:42.357Z",
            "user": 1,
            "content_type": 9,
            "object_id": "1",
            "object_repr": "Keyword object (1)",
            "action_flag": 1,
            "change_message": "[{\"added\": {}}]"
        }
    },
    {
        "model": "admin.logentry",
        "pk": 2,
        "fields": {
            "action_time": "2020-12-31T17:32:59.487Z",
            "user": 1,
            "content_type": 10,
            "object_id": "1",
            "object_repr": "Project object (1)",
            "action_flag": 1,
            "change_message": "[{\"added\": {}}]"
        }
    },
    {
        "model": "admin.logentry",
        "pk": 3,
        "fields": {
            "action_time": "2020-12-31T17:33:41.717Z",
            "user": 1,
            "content_type": 9,
            "object_id": "2",
            "object_repr": "Django",
            "action_flag": 1,
            "change_message": "[{\"added\": {}}]"
        }
    },
    {
        "model": "admin.logentry",
        "pk": 4,
        "fields": {
            "action_time": "2020-12-31T17:33:48.967Z",
            "user": 1,
            "content_type": 9,
            "object_id": "3",
            "object_repr": "Celery",
            "action_flag": 1,
            "change_message": "[{\"added\": {}}]"
        }
    },
    {
        "model": "admin.logentry",
        "pk": 5,
        "fields": {
            "action_time": "2020-12-31T17:33:54.645Z",
            "user": 1,
            "content_type": 9,
            "object_id": "4",
            "object_repr": "Vue.js",
            "action_flag": 1,
            "change_message": "[{\"added\": {}}]"
        }
    },
    {
        "model": "admin.logentry",
        "pk": 6,
        "fields": {
            "action_time": "2020-12-31T17:34:04.196Z",
            "user": 1,
            "content_type": 9,
            "object_id": "5",
            "object_repr": "REST API",
            "action_flag": 1,
            "change_message": "[{\"added\": {}}]"
        }
    },
    {
        "model": "admin.logentry",
        "pk": 7,
        "fields": {
            "action_time": "2020-12-31T17:34:20.619Z",
            "user": 1,
            "content_type": 10,
            "object_id": "1",
            "object_repr": "Project object (1)",
            "action_flag": 2,
            "change_message": "[{\"changed\": {\"fields\": [\"Phase\", \" keywords\"]}}]"
        }
    },
    {
        "model": "admin.logentry",
        "pk": 8,
        "fields": {
            "action_time": "2020-12-31T18:42:39.250Z",
            "user": 1,
            "content_type": 9,
            "object_id": "4",
            "object_repr": "Vue.js",
            "action_flag": 2,
            "change_message": "[{\"changed\": {\"fields\": [\" projects\"]}}]"
        }
    },
    {
        "model": "admin.logentry",
        "pk": 9,
        "fields": {
            "action_time": "2020-12-31T18:42:41.498Z",
            "user": 1,
            "content_type": 9,
            "object_id": "5",
            "object_repr": "REST API",
            "action_flag": 2,
            "change_message": "[{\"changed\": {\"fields\": [\" projects\"]}}]"
        }
    },
    {
        "model": "admin.logentry",
        "pk": 10,
        "fields": {
            "action_time": "2020-12-31T18:42:45.178Z",
            "user": 1,
            "content_type": 9,
            "object_id": "1",
            "object_repr": "Docker",
            "action_flag": 2,
            "change_message": "[{\"changed\": {\"fields\": [\" projects\"]}}]"
        }
    },
    {
        "model": "admin.logentry",
        "pk": 11,
        "fields": {
            "action_time": "2020-12-31T18:42:47.291Z",
            "user": 1,
            "content_type": 9,
            "object_id": "2",
            "object_repr": "Django",
            "action_flag": 2,
            "change_message": "[]"
        }
    },
    {
        "model": "admin.logentry",
        "pk": 12,
        "fields": {
            "action_time": "2020-12-31T18:42:48.887Z",
            "user": 1,
            "content_type": 9,
            "object_id": "1",
            "object_repr": "Docker",
            "action_flag": 2,
            "change_message": "[]"
        }
    },
    {
        "model": "admin.logentry",
        "pk": 13,
        "fields": {
            "action_time": "2020-12-31T18:42:50.369Z",
            "user": 1,
            "content_type": 9,
            "object_id": "3",
            "object_repr": "Celery",
            "action_flag": 2,
            "change_message": "[]"
        }
    },
    {
        "model": "admin.logentry",
        "pk": 14,
        "fields": {
            "action_time": "2020-12-31T18:42:52.432Z",
            "user": 1,
            "content_type": 9,
            "object_id": "3",
            "object_repr": "Celery",
            "action_flag": 2,
            "change_message": "[{\"changed\": {\"fields\": [\" projects\"]}}]"
        }
    },
    {
        "model": "admin.logentry",
        "pk": 15,
        "fields": {
            "action_time": "2020-12-31T18:42:54.416Z",
            "user": 1,
            "content_type": 9,
            "object_id": "2",
            "object_repr": "Django",
            "action_flag": 2,
            "change_message": "[]"
        }
    },
    {
        "model": "admin.logentry",
        "pk": 16,
        "fields": {
            "action_time": "2020-12-31T18:42:56.361Z",
            "user": 1,
            "content_type": 9,
            "object_id": "3",
            "object_repr": "Celery",
            "action_flag": 2,
            "change_message": "[]"
        }
    },
    {
        "model": "admin.logentry",
        "pk": 17,
        "fields": {
            "action_time": "2020-12-31T18:42:58.331Z",
            "user": 1,
            "content_type": 9,
            "object_id": "1",
            "object_repr": "Docker",
            "action_flag": 2,
            "change_message": "[]"
        }
    },
    {
        "model": "admin.logentry",
        "pk": 18,
        "fields": {
            "action_time": "2020-12-31T18:42:59.761Z",
            "user": 1,
            "content_type": 9,
            "object_id": "5",
            "object_repr": "REST API",
            "action_flag": 2,
            "change_message": "[]"
        }
    },
    {
        "model": "admin.logentry",
        "pk": 19,
        "fields": {
            "action_time": "2020-12-31T18:43:01.091Z",
            "user": 1,
            "content_type": 9,
            "object_id": "4",
            "object_repr": "Vue.js",
            "action_flag": 2,
            "change_message": "[]"
        }
    },
    {
        "model": "admin.logentry",
        "pk": 20,
        "fields": {
            "action_time": "2020-12-31T19:23:04.353Z",
            "user": 1,
            "content_type": 10,
            "object_id": "1",
            "object_repr": "Personal Website",
            "action_flag": 2,
            "change_message": "[{\"changed\": {\"fields\": [\" phase\"]}}]"
        }
    },
    {
        "model": "admin.logentry",
        "pk": 21,
        "fields": {
            "action_time": "2020-12-31T19:24:54.182Z",
            "user": 1,
            "content_type": 10,
            "object_id": "1",
            "object_repr": "Personal Website",
            "action_flag": 2,
            "change_message": "[{\"changed\": {\"fields\": [\" phase\"]}}]"
        }
    },
    {
        "model": "admin.logentry",
        "pk": 22,
        "fields": {
            "action_time": "2020-12-31T19:27:48.365Z",
            "user": 1,
            "content_type": 10,
            "object_id": "2",
            "object_repr": "Inventory Checker",
            "action_flag": 1,
            "change_message": "[{\"added\": {}}]"
        }
    },
    {
        "model": "admin.logentry",
        "pk": 23,
        "fields": {
            "action_time": "2020-12-31T19:29:19.074Z",
            "user": 1,
            "content_type": 10,
            "object_id": "3",
            "object_repr": "Former Personal Website",
            "action_flag": 1,
            "change_message": "[{\"added\": {}}]"
        }
    },
    {
        "model": "admin.logentry",
        "pk": 24,
        "fields": {
            "action_time": "2020-12-31T19:35:49.014Z",
            "user": 1,
            "content_type": 10,
            "object_id": "3",
            "object_repr": "Former Personal Website",
            "action_flag": 2,
            "change_message": "[]"
        }
    },
    {
        "model": "admin.logentry",
        "pk": 25,
        "fields": {
            "action_time": "2020-12-31T19:36:05.489Z",
            "user": 1,
            "content_type": 9,
            "object_id": "2",
            "object_repr": "Django",
            "action_flag": 2,
            "change_message": "[{\"changed\": {\"fields\": [\" projects\"]}}]"
        }
    },
    {
        "model": "admin.logentry",
        "pk": 26,
        "fields": {
            "action_time": "2020-12-31T19:36:09.610Z",
            "user": 1,
            "content_type": 9,
            "object_id": "3",
            "object_repr": "Celery",
            "action_flag": 2,
            "change_message": "[{\"changed\": {\"fields\": [\" projects\"]}}]"
        }
    },
    {
        "model": "admin.logentry",
        "pk": 27,
        "fields": {
            "action_time": "2020-12-31T19:36:12.058Z",
            "user": 1,
            "content_type": 9,
            "object_id": "2",
            "object_repr": "Django",
            "action_flag": 2,
            "change_message": "[]"
        }
    },
    {
        "model": "admin.logentry",
        "pk": 28,
        "fields": {
            "action_time": "2020-12-31T19:36:15.341Z",
            "user": 1,
            "content_type": 9,
            "object_id": "1",
            "object_repr": "Docker",
            "action_flag": 2,
            "change_message": "[{\"changed\": {\"fields\": [\" projects\"]}}]"
        }
    },
    {
        "model": "admin.logentry",
        "pk": 29,
        "fields": {
            "action_time": "2020-12-31T19:36:17.966Z",
            "user": 1,
            "content_type": 9,
            "object_id": "5",
            "object_repr": "REST API",
            "action_flag": 2,
            "change_message": "[{\"changed\": {\"fields\": [\" projects\"]}}]"
        }
    },
    {
        "model": "admin.logentry",
        "pk": 30,
        "fields": {
            "action_time": "2020-12-31T19:36:21.112Z",
            "user": 1,
            "content_type": 9,
            "object_id": "4",
            "object_repr": "Vue.js",
            "action_flag": 2,
            "change_message": "[{\"changed\": {\"fields\": [\" projects\"]}}]"
        }
    },
    {
        "model": "admin.logentry",
        "pk": 31,
        "fields": {
            "action_time": "2020-12-31T19:36:23.158Z",
            "user": 1,
            "content_type": 9,
            "object_id": "5",
            "object_repr": "REST API",
            "action_flag": 2,
            "change_message": "[]"
        }
    },
    {
        "model": "admin.logentry",
        "pk": 32,
        "fields": {
            "action_time": "2020-12-31T20:43:47.976Z",
            "user": 1,
            "content_type": 10,
            "object_id": "2",
            "object_repr": "Inventory Checker",
            "action_flag": 2,
            "change_message": "[]"
        }
    },
    {
        "model": "admin.logentry",
        "pk": 33,
        "fields": {
            "action_time": "2020-12-31T21:30:34.420Z",
            "user": 1,
            "content_type": 10,
            "object_id": "2",
            "object_repr": "Inventory Checker",
            "action_flag": 2,
            "change_message": "[{\"changed\": {\"fields\": [\" category\"]}}]"
        }
    },
    {
        "model": "admin.logentry",
        "pk": 34,
        "fields": {
            "action_time": "2020-12-31T21:30:37.672Z",
            "user": 1,
            "content_type": 10,
            "object_id": "3",
            "object_repr": "Former Personal Website",
            "action_flag": 2,
            "change_message": "[{\"changed\": {\"fields\": [\" category\"]}}]"
        }
    },
    {
        "model": "admin.logentry",
        "pk": 35,
        "fields": {
            "action_time": "2021-01-01T18:02:11.941Z",
            "user": 1,
            "content_type": 10,
            "object_id": "4",
            "object_repr": "ASD",
            "action_flag": 1,
            "change_message": "[{\"added\": {}}]"
        }
    },
    {
        "model": "admin.logentry",
        "pk": 36,
        "fields": {
            "action_time": "2021-01-01T18:02:25.721Z",
            "user": 1,
            "content_type": 10,
            "object_id": "5",
            "object_repr": "PeePee",
            "action_flag": 1,
            "change_message": "[{\"added\": {}}]"
        }
    },
    {
        "model": "admin.logentry",
        "pk": 37,
        "fields": {
            "action_time": "2021-01-01T18:02:40.393Z",
            "user": 1,
            "content_type": 10,
            "object_id": "6",
            "object_repr": "SDHAJhdkjs",
            "action_flag": 1,
            "change_message": "[{\"added\": {}}]"
        }
    },
    {
        "model": "admin.logentry",
        "pk": 38,
        "fields": {
            "action_time": "2021-01-01T18:02:56.434Z",
            "user": 1,
            "content_type": 10,
            "object_id": "7",
            "object_repr": "fdsafdhgfhgfdj",
            "action_flag": 1,
            "change_message": "[{\"added\": {}}]"
        }
    },
    {
        "model": "admin.logentry",
        "pk": 39,
        "fields": {
            "action_time": "2021-01-01T18:03:19.572Z",
            "user": 1,
            "content_type": 10,
            "object_id": "8",
            "object_repr": "ffdsafd",
            "action_flag": 1,
            "change_message": "[{\"added\": {}}]"
        }
    },
    {
        "model": "admin.logentry",
        "pk": 40,
        "fields": {
            "action_time": "2021-01-01T18:03:25.262Z",
            "user": 1,
            "content_type": 10,
            "object_id": "9",
            "object_repr": "fdsafd",
            "action_flag": 1,
            "change_message": "[{\"added\": {}}]"
        }
    },
    {
        "model": "admin.logentry",
        "pk": 41,
        "fields": {
            "action_time": "2021-01-01T18:03:30.650Z",
            "user": 1,
            "content_type": 10,
            "object_id": "10",
            "object_repr": "fdasfdsaf",
            "action_flag": 1,
            "change_message": "[{\"added\": {}}]"
        }
    },
    {
        "model": "admin.logentry",
        "pk": 42,
        "fields": {
            "action_time": "2021-01-01T18:07:03.244Z",
            "user": 1,
            "content_type": 10,
            "object_id": "10",
            "object_repr": "fdasfdsaf",
            "action_flag": 3,
            "change_message": ""
        }
    },
    {
        "model": "admin.logentry",
        "pk": 43,
        "fields": {
            "action_time": "2021-01-01T18:07:03.246Z",
            "user": 1,
            "content_type": 10,
            "object_id": "9",
            "object_repr": "fdsafd",
            "action_flag": 3,
            "change_message": ""
        }
    },
    {
        "model": "admin.logentry",
        "pk": 44,
        "fields": {
            "action_time": "2021-01-01T18:07:03.247Z",
            "user": 1,
            "content_type": 10,
            "object_id": "8",
            "object_repr": "ffdsafd",
            "action_flag": 3,
            "change_message": ""
        }
    },
    {
        "model": "admin.logentry",
        "pk": 45,
        "fields": {
            "action_time": "2021-01-01T18:07:03.248Z",
            "user": 1,
            "content_type": 10,
            "object_id": "7",
            "object_repr": "fdsafdhgfhgfdj",
            "action_flag": 3,
            "change_message": ""
        }
    },
    {
        "model": "admin.logentry",
        "pk": 46,
        "fields": {
            "action_time": "2021-01-01T18:07:03.249Z",
            "user": 1,
            "content_type": 10,
            "object_id": "6",
            "object_repr": "SDHAJhdkjs",
            "action_flag": 3,
            "change_message": ""
        }
    },
    {
        "model": "admin.logentry",
        "pk": 47,
        "fields": {
            "action_time": "2021-01-01T18:07:03.250Z",
            "user": 1,
            "content_type": 10,
            "object_id": "4",
            "object_repr": "ASD",
            "action_flag": 3,
            "change_message": ""
        }
    },
    {
        "model": "admin.logentry",
        "pk": 48,
        "fields": {
            "action_time": "2021-01-01T18:07:03.251Z",
            "user": 1,
            "content_type": 10,
            "object_id": "5",
            "object_repr": "PeePee",
            "action_flag": 3,
            "change_message": ""
        }
    },
    {
        "model": "admin.logentry",
        "pk": 49,
        "fields": {
            "action_time": "2021-01-02T20:31:31.618Z",
            "user": 1,
            "content_type": 22,
            "object_id": "6",
            "object_repr": "A A submitted a contact form at 20:31:18.684021 on 2021-01-02",
            "action_flag": 3,
            "change_message": ""
        }
    },
    {
        "model": "admin.logentry",
        "pk": 50,
        "fields": {
            "action_time": "2021-01-02T20:31:31.620Z",
            "user": 1,
            "content_type": 22,
            "object_id": "5",
            "object_repr": "A A submitted a contact form at 20:30:21.587073 on 2021-01-02",
            "action_flag": 3,
            "change_message": ""
        }
    },
    {
        "model": "admin.logentry",
        "pk": 51,
        "fields": {
            "action_time": "2021-01-02T20:31:31.621Z",
            "user": 1,
            "content_type": 22,
            "object_id": "4",
            "object_repr": "A A submitted a contact form at 20:28:04.842122 on 2021-01-02",
            "action_flag": 3,
            "change_message": ""
        }
    },
    {
        "model": "admin.logentry",
        "pk": 52,
        "fields": {
            "action_time": "2021-01-02T20:31:31.622Z",
            "user": 1,
            "content_type": 22,
            "object_id": "3",
            "object_repr": "A A submitted a contact form at 20:27:56.137817 on 2021-01-02",
            "action_flag": 3,
            "change_message": ""
        }
    },
    {
        "model": "admin.logentry",
        "pk": 53,
        "fields": {
            "action_time": "2021-01-02T20:31:31.623Z",
            "user": 1,
            "content_type": 22,
            "object_id": "2",
            "object_repr": "A A submitted a contact form at 20:27:56.137817 on 2021-01-02",
            "action_flag": 3,
            "change_message": ""
        }
    },
    {
        "model": "admin.logentry",
        "pk": 54,
        "fields": {
            "action_time": "2021-01-02T20:31:31.624Z",
            "user": 1,
            "content_type": 22,
            "object_id": "1",
            "object_repr": "Ethan Mancini submitted a contact form at 20:27:56.137817 on 2021-01-02",
            "action_flag": 3,
            "change_message": ""
        }
    },
    {
        "model": "admin.logentry",
        "pk": 55,
        "fields": {
            "action_time": "2021-01-02T21:26:26.873Z",
            "user": 1,
            "content_type": 22,
            "object_id": "14",
            "object_repr": "A A submitted a contact form at 21:07:19.063913 on 2021-01-02",
            "action_flag": 3,
            "change_message": ""
        }
    },
    {
        "model": "admin.logentry",
        "pk": 56,
        "fields": {
            "action_time": "2021-01-02T21:26:26.874Z",
            "user": 1,
            "content_type": 22,
            "object_id": "13",
            "object_repr": "Et A submitted a contact form at 21:04:59.864001 on 2021-01-02",
            "action_flag": 3,
            "change_message": ""
        }
    },
    {
        "model": "admin.logentry",
        "pk": 57,
        "fields": {
            "action_time": "2021-01-02T21:26:26.876Z",
            "user": 1,
            "content_type": 22,
            "object_id": "12",
            "object_repr": "A A submitted a contact form at 21:02:08.541550 on 2021-01-02",
            "action_flag": 3,
            "change_message": ""
        }
    },
    {
        "model": "admin.logentry",
        "pk": 58,
        "fields": {
            "action_time": "2021-01-02T21:26:26.877Z",
            "user": 1,
            "content_type": 22,
            "object_id": "11",
            "object_repr": "Ethan Ma submitted a contact form at 21:01:26.418664 on 2021-01-02",
            "action_flag": 3,
            "change_message": ""
        }
    },
    {
        "model": "admin.logentry",
        "pk": 59,
        "fields": {
            "action_time": "2021-01-02T21:26:26.878Z",
            "user": 1,
            "content_type": 22,
            "object_id": "10",
            "object_repr": "A A submitted a contact form at 20:59:45.483775 on 2021-01-02",
            "action_flag": 3,
            "change_message": ""
        }
    },
    {
        "model": "admin.logentry",
        "pk": 60,
        "fields": {
            "action_time": "2021-01-02T21:26:26.880Z",
            "user": 1,
            "content_type": 22,
            "object_id": "9",
            "object_repr": "A A submitted a contact form at 20:58:19.878750 on 2021-01-02",
            "action_flag": 3,
            "change_message": ""
        }
    },
    {
        "model": "admin.logentry",
        "pk": 61,
        "fields": {
            "action_time": "2021-01-02T21:26:26.881Z",
            "user": 1,
            "content_type": 22,
            "object_id": "8",
            "object_repr": "A A submitted a contact form at 20:45:52.284107 on 2021-01-02",
            "action_flag": 3,
            "change_message": ""
        }
    },
    {
        "model": "admin.logentry",
        "pk": 62,
        "fields": {
            "action_time": "2021-01-02T21:26:26.882Z",
            "user": 1,
            "content_type": 22,
            "object_id": "7",
            "object_repr": "Ethan Mancini submitted a contact form at 20:41:12.630712 on 2021-01-02",
            "action_flag": 3,
            "change_message": ""
        }
    },
    {
        "model": "admin.logentry",
        "pk": 63,
        "fields": {
            "action_time": "2021-01-02T21:29:02.552Z",
            "user": 1,
            "content_type": 11,
            "object_id": "5",
            "object_repr": "Post object (5)",
            "action_flag": 1,
            "change_message": "[{\"added\": {}}]"
        }
    },
    {
        "model": "admin.logentry",
        "pk": 64,
        "fields": {
            "action_time": "2021-01-02T21:39:27.777Z",
            "user": 1,
            "content_type": 11,
            "object_id": "6",
            "object_repr": "Post Title - Post Subtitle",
            "action_flag": 1,
            "change_message": "[{\"added\": {}}]"
        }
    },
    {
        "model": "admin.logentry",
        "pk": 65,
        "fields": {
            "action_time": "2021-01-02T21:39:29.142Z",
            "user": 1,
            "content_type": 11,
            "object_id": "7",
            "object_repr": "Post Title - Post Subtitle",
            "action_flag": 1,
            "change_message": "[{\"added\": {}}]"
        }
    },
    {
        "model": "admin.logentry",
        "pk": 66,
        "fields": {
            "action_time": "2021-01-02T21:39:30.344Z",
            "user": 1,
            "content_type": 11,
            "object_id": "8",
            "object_repr": "Post Title - Post Subtitle",
            "action_flag": 1,
            "change_message": "[{\"added\": {}}]"
        }
    },
    {
        "model": "admin.logentry",
        "pk": 67,
        "fields": {
            "action_time": "2021-01-02T21:39:31.454Z",
            "user": 1,
            "content_type": 11,
            "object_id": "9",
            "object_repr": "Post Title - Post Subtitle",
            "action_flag": 1,
            "change_message": "[{\"added\": {}}]"
        }
    },
    {
        "model": "admin.logentry",
        "pk": 68,
        "fields": {
            "action_time": "2021-01-02T21:39:32.731Z",
            "user": 1,
            "content_type": 11,
            "object_id": "10",
            "object_repr": "Post Title - Post Subtitle",
            "action_flag": 1,
            "change_message": "[{\"added\": {}}]"
        }
    },
    {
        "model": "admin.logentry",
        "pk": 69,
        "fields": {
            "action_time": "2021-01-02T21:39:35.478Z",
            "user": 1,
            "content_type": 11,
            "object_id": "11",
            "object_repr": "Post Title - Post Subtitle",
            "action_flag": 1,
            "change_message": "[{\"added\": {}}]"
        }
    },
    {
        "model": "admin.logentry",
        "pk": 70,
        "fields": {
            "action_time": "2021-01-02T21:39:37.187Z",
            "user": 1,
            "content_type": 11,
            "object_id": "12",
            "object_repr": "Post Title - Post Subtitle",
            "action_flag": 1,
            "change_message": "[{\"added\": {}}]"
        }
    },
    {
        "model": "admin.logentry",
        "pk": 71,
        "fields": {
            "action_time": "2021-01-02T21:39:38.635Z",
            "user": 1,
            "content_type": 11,
            "object_id": "13",
            "object_repr": "Post Title - Post Subtitle",
            "action_flag": 1,
            "change_message": "[{\"added\": {}}]"
        }
    },
    {
        "model": "admin.logentry",
        "pk": 72,
        "fields": {
            "action_time": "2021-01-02T21:39:39.762Z",
            "user": 1,
            "content_type": 11,
            "object_id": "14",
            "object_repr": "Post Title - Post Subtitle",
            "action_flag": 1,
            "change_message": "[{\"added\": {}}]"
        }
    },
    {
        "model": "admin.logentry",
        "pk": 73,
        "fields": {
            "action_time": "2021-01-02T21:39:41.114Z",
            "user": 1,
            "content_type": 11,
            "object_id": "15",
            "object_repr": "Post Title - Post Subtitle",
            "action_flag": 1,
            "change_message": "[{\"added\": {}}]"
        }
    },
    {
        "model": "admin.logentry",
        "pk": 74,
        "fields": {
            "action_time": "2021-01-02T21:39:47.254Z",
            "user": 1,
            "content_type": 11,
            "object_id": "16",
            "object_repr": "Post Title - Post Subtitle",
            "action_flag": 1,
            "change_message": "[{\"added\": {}}]"
        }
    },
    {
        "model": "admin.logentry",
        "pk": 75,
        "fields": {
            "action_time": "2021-01-02T21:39:48.459Z",
            "user": 1,
            "content_type": 11,
            "object_id": "17",
            "object_repr": "Post Title - Post Subtitle",
            "action_flag": 1,
            "change_message": "[{\"added\": {}}]"
        }
    },
    {
        "model": "admin.logentry",
        "pk": 76,
        "fields": {
            "action_time": "2021-01-03T17:49:28.636Z",
            "user": 1,
            "content_type": 11,
            "object_id": "18",
            "object_repr": "Post Title - Post Subtitle",
            "action_flag": 1,
            "change_message": "[{\"added\": {}}]"
        }
    },
    {
        "model": "admin.logentry",
        "pk": 77,
        "fields": {
            "action_time": "2021-01-03T17:49:31.796Z",
            "user": 1,
            "content_type": 11,
            "object_id": "19",
            "object_repr": "Post Title - Post Subtitle",
            "action_flag": 1,
            "change_message": "[{\"added\": {}}]"
        }
    },
    {
        "model": "admin.logentry",
        "pk": 78,
        "fields": {
            "action_time": "2021-01-03T17:49:32.691Z",
            "user": 1,
            "content_type": 11,
            "object_id": "20",
            "object_repr": "Post Title - Post Subtitle",
            "action_flag": 1,
            "change_message": "[{\"added\": {}}]"
        }
    },
    {
        "model": "admin.logentry",
        "pk": 79,
        "fields": {
            "action_time": "2021-01-03T17:49:33.297Z",
            "user": 1,
            "content_type": 11,
            "object_id": "21",
            "object_repr": "Post Title - Post Subtitle",
            "action_flag": 1,
            "change_message": "[{\"added\": {}}]"
        }
    },
    {
        "model": "admin.logentry",
        "pk": 80,
        "fields": {
            "action_time": "2021-01-03T17:49:33.695Z",
            "user": 1,
            "content_type": 11,
            "object_id": "22",
            "object_repr": "Post Title - Post Subtitle",
            "action_flag": 1,
            "change_message": "[{\"added\": {}}]"
        }
    },
    {
        "model": "admin.logentry",
        "pk": 81,
        "fields": {
            "action_time": "2021-01-03T17:49:34.079Z",
            "user": 1,
            "content_type": 11,
            "object_id": "23",
            "object_repr": "Post Title - Post Subtitle",
            "action_flag": 1,
            "change_message": "[{\"added\": {}}]"
        }
    },
    {
        "model": "admin.logentry",
        "pk": 82,
        "fields": {
            "action_time": "2021-01-03T17:49:34.479Z",
            "user": 1,
            "content_type": 11,
            "object_id": "24",
            "object_repr": "Post Title - Post Subtitle",
            "action_flag": 1,
            "change_message": "[{\"added\": {}}]"
        }
    },
    {
        "model": "admin.logentry",
        "pk": 83,
        "fields": {
            "action_time": "2021-01-03T17:49:34.856Z",
            "user": 1,
            "content_type": 11,
            "object_id": "25",
            "object_repr": "Post Title - Post Subtitle",
            "action_flag": 1,
            "change_message": "[{\"added\": {}}]"
        }
    },
    {
        "model": "admin.logentry",
        "pk": 84,
        "fields": {
            "action_time": "2021-01-03T17:49:35.235Z",
            "user": 1,
            "content_type": 11,
            "object_id": "26",
            "object_repr": "Post Title - Post Subtitle",
            "action_flag": 1,
            "change_message": "[{\"added\": {}}]"
        }
    },
    {
        "model": "admin.logentry",
        "pk": 85,
        "fields": {
            "action_time": "2021-01-03T17:49:35.548Z",
            "user": 1,
            "content_type": 11,
            "object_id": "27",
            "object_repr": "Post Title - Post Subtitle",
            "action_flag": 1,
            "change_message": "[{\"added\": {}}]"
        }
    },
    {
        "model": "admin.logentry",
        "pk": 86,
        "fields": {
            "action_time": "2021-01-03T17:49:35.870Z",
            "user": 1,
            "content_type": 11,
            "object_id": "28",
            "object_repr": "Post Title - Post Subtitle",
            "action_flag": 1,
            "change_message": "[{\"added\": {}}]"
        }
    },
    {
        "model": "admin.logentry",
        "pk": 87,
        "fields": {
            "action_time": "2021-01-03T17:49:36.253Z",
            "user": 1,
            "content_type": 11,
            "object_id": "29",
            "object_repr": "Post Title - Post Subtitle",
            "action_flag": 1,
            "change_message": "[{\"added\": {}}]"
        }
    },
    {
        "model": "admin.logentry",
        "pk": 88,
        "fields": {
            "action_time": "2021-01-03T17:49:36.713Z",
            "user": 1,
            "content_type": 11,
            "object_id": "30",
            "object_repr": "Post Title - Post Subtitle",
            "action_flag": 1,
            "change_message": "[{\"added\": {}}]"
        }
    },
    {
        "model": "admin.logentry",
        "pk": 89,
        "fields": {
            "action_time": "2021-01-03T17:49:37.120Z",
            "user": 1,
            "content_type": 11,
            "object_id": "31",
            "object_repr": "Post Title - Post Subtitle",
            "action_flag": 1,
            "change_message": "[{\"added\": {}}]"
        }
    },
    {
        "model": "admin.logentry",
        "pk": 90,
        "fields": {
            "action_time": "2021-01-03T17:49:37.504Z",
            "user": 1,
            "content_type": 11,
            "object_id": "32",
            "object_repr": "Post Title - Post Subtitle",
            "action_flag": 1,
            "change_message": "[{\"added\": {}}]"
        }
    },
    {
        "model": "admin.logentry",
        "pk": 91,
        "fields": {
            "action_time": "2021-01-03T17:49:37.947Z",
            "user": 1,
            "content_type": 11,
            "object_id": "33",
            "object_repr": "Post Title - Post Subtitle",
            "action_flag": 1,
            "change_message": "[{\"added\": {}}]"
        }
    },
    {
        "model": "admin.logentry",
        "pk": 92,
        "fields": {
            "action_time": "2021-01-03T17:49:38.448Z",
            "user": 1,
            "content_type": 11,
            "object_id": "34",
            "object_repr": "Post Title - Post Subtitle",
            "action_flag": 1,
            "change_message": "[{\"added\": {}}]"
        }
    },
    {
        "model": "admin.logentry",
        "pk": 93,
        "fields": {
            "action_time": "2021-01-03T17:49:39.029Z",
            "user": 1,
            "content_type": 11,
            "object_id": "35",
            "object_repr": "Post Title - Post Subtitle",
            "action_flag": 1,
            "change_message": "[{\"added\": {}}]"
        }
    },
    {
        "model": "admin.logentry",
        "pk": 94,
        "fields": {
            "action_time": "2021-01-03T17:49:39.487Z",
            "user": 1,
            "content_type": 11,
            "object_id": "36",
            "object_repr": "Post Title - Post Subtitle",
            "action_flag": 1,
            "change_message": "[{\"added\": {}}]"
        }
    },
    {
        "model": "admin.logentry",
        "pk": 95,
        "fields": {
            "action_time": "2021-01-03T17:49:40.076Z",
            "user": 1,
            "content_type": 11,
            "object_id": "37",
            "object_repr": "Post Title - Post Subtitle",
            "action_flag": 1,
            "change_message": "[{\"added\": {}}]"
        }
    },
    {
        "model": "admin.logentry",
        "pk": 96,
        "fields": {
            "action_time": "2021-01-03T17:49:40.500Z",
            "user": 1,
            "content_type": 11,
            "object_id": "38",
            "object_repr": "Post Title - Post Subtitle",
            "action_flag": 1,
            "change_message": "[{\"added\": {}}]"
        }
    },
    {
        "model": "admin.logentry",
        "pk": 97,
        "fields": {
            "action_time": "2021-01-03T17:49:40.897Z",
            "user": 1,
            "content_type": 11,
            "object_id": "39",
            "object_repr": "Post Title - Post Subtitle",
            "action_flag": 1,
            "change_message": "[{\"added\": {}}]"
        }
    },
    {
        "model": "admin.logentry",
        "pk": 98,
        "fields": {
            "action_time": "2021-01-03T17:49:41.317Z",
            "user": 1,
            "content_type": 11,
            "object_id": "40",
            "object_repr": "Post Title - Post Subtitle",
            "action_flag": 1,
            "change_message": "[{\"added\": {}}]"
        }
    },
    {
        "model": "admin.logentry",
        "pk": 99,
        "fields": {
            "action_time": "2021-01-03T17:49:41.715Z",
            "user": 1,
            "content_type": 11,
            "object_id": "41",
            "object_repr": "Post Title - Post Subtitle",
            "action_flag": 1,
            "change_message": "[{\"added\": {}}]"
        }
    },
    {
        "model": "admin.logentry",
        "pk": 100,
        "fields": {
            "action_time": "2021-01-03T17:49:42.146Z",
            "user": 1,
            "content_type": 11,
            "object_id": "42",
            "object_repr": "Post Title - Post Subtitle",
            "action_flag": 1,
            "change_message": "[{\"added\": {}}]"
        }
    },
    {
        "model": "admin.logentry",
        "pk": 101,
        "fields": {
            "action_time": "2021-01-03T17:49:42.530Z",
            "user": 1,
            "content_type": 11,
            "object_id": "43",
            "object_repr": "Post Title - Post Subtitle",
            "action_flag": 1,
            "change_message": "[{\"added\": {}}]"
        }
    },
    {
        "model": "admin.logentry",
        "pk": 102,
        "fields": {
            "action_time": "2021-01-03T17:49:42.920Z",
            "user": 1,
            "content_type": 11,
            "object_id": "44",
            "object_repr": "Post Title - Post Subtitle",
            "action_flag": 1,
            "change_message": "[{\"added\": {}}]"
        }
    },
    {
        "model": "admin.logentry",
        "pk": 103,
        "fields": {
            "action_time": "2021-01-03T17:49:43.348Z",
            "user": 1,
            "content_type": 11,
            "object_id": "45",
            "object_repr": "Post Title - Post Subtitle",
            "action_flag": 1,
            "change_message": "[{\"added\": {}}]"
        }
    },
    {
        "model": "admin.logentry",
        "pk": 104,
        "fields": {
            "action_time": "2021-01-03T17:49:43.779Z",
            "user": 1,
            "content_type": 11,
            "object_id": "46",
            "object_repr": "Post Title - Post Subtitle",
            "action_flag": 1,
            "change_message": "[{\"added\": {}}]"
        }
    },
    {
        "model": "admin.logentry",
        "pk": 105,
        "fields": {
            "action_time": "2021-01-03T17:49:44.140Z",
            "user": 1,
            "content_type": 11,
            "object_id": "47",
            "object_repr": "Post Title - Post Subtitle",
            "action_flag": 1,
            "change_message": "[{\"added\": {}}]"
        }
    },
    {
        "model": "admin.logentry",
        "pk": 106,
        "fields": {
            "action_time": "2021-01-03T17:49:44.475Z",
            "user": 1,
            "content_type": 11,
            "object_id": "48",
            "object_repr": "Post Title - Post Subtitle",
            "action_flag": 1,
            "change_message": "[{\"added\": {}}]"
        }
    },
    {
        "model": "admin.logentry",
        "pk": 107,
        "fields": {
            "action_time": "2021-01-03T17:49:44.790Z",
            "user": 1,
            "content_type": 11,
            "object_id": "49",
            "object_repr": "Post Title - Post Subtitle",
            "action_flag": 1,
            "change_message": "[{\"added\": {}}]"
        }
    },
    {
        "model": "admin.logentry",
        "pk": 108,
        "fields": {
            "action_time": "2021-01-03T17:49:45.156Z",
            "user": 1,
            "content_type": 11,
            "object_id": "50",
            "object_repr": "Post Title - Post Subtitle",
            "action_flag": 1,
            "change_message": "[{\"added\": {}}]"
        }
    },
    {
        "model": "admin.logentry",
        "pk": 109,
        "fields": {
            "action_time": "2021-01-03T17:54:26.591Z",
            "user": 1,
            "content_type": 11,
            "object_id": "5",
            "object_repr": "Post Title 1 - Post Subtitle 1",
            "action_flag": 2,
            "change_message": "[{\"changed\": {\"fields\": [\"Title\", \"Subtitle\"]}}]"
        }
    },
    {
        "model": "admin.logentry",
        "pk": 110,
        "fields": {
            "action_time": "2021-01-03T17:54:30.699Z",
            "user": 1,
            "content_type": 11,
            "object_id": "6",
            "object_repr": "Post Title 2 - Post Subtitle 2",
            "action_flag": 2,
            "change_message": "[{\"changed\": {\"fields\": [\"Title\", \"Subtitle\"]}}]"
        }
    },
    {
        "model": "admin.logentry",
        "pk": 111,
        "fields": {
            "action_time": "2021-01-03T17:54:34.999Z",
            "user": 1,
            "content_type": 11,
            "object_id": "7",
            "object_repr": "Post Title 3 - Post Subtitle 3",
            "action_flag": 2,
            "change_message": "[{\"changed\": {\"fields\": [\"Title\", \"Subtitle\"]}}]"
        }
    },
    {
        "model": "admin.logentry",
        "pk": 112,
        "fields": {
            "action_time": "2021-01-03T17:54:39.797Z",
            "user": 1,
            "content_type": 11,
            "object_id": "8",
            "object_repr": "Post Title 4 - Post Subtitle 4",
            "action_flag": 2,
            "change_message": "[{\"changed\": {\"fields\": [\"Title\", \"Subtitle\"]}}]"
        }
    },
    {
        "model": "admin.logentry",
        "pk": 113,
        "fields": {
            "action_time": "2021-01-03T17:54:44.044Z",
            "user": 1,
            "content_type": 11,
            "object_id": "9",
            "object_repr": "Post Title 5 - Post Subtitle 5",
            "action_flag": 2,
            "change_message": "[{\"changed\": {\"fields\": [\"Title\", \"Subtitle\"]}}]"
        }
    },
    {
        "model": "admin.logentry",
        "pk": 114,
        "fields": {
            "action_time": "2021-01-03T17:54:48.472Z",
            "user": 1,
            "content_type": 11,
            "object_id": "10",
            "object_repr": "Post Title 6 - Post Subtitle 6",
            "action_flag": 2,
            "change_message": "[{\"changed\": {\"fields\": [\"Title\", \"Subtitle\"]}}]"
        }
    },
    {
        "model": "admin.logentry",
        "pk": 115,
        "fields": {
            "action_time": "2021-01-03T17:54:52.591Z",
            "user": 1,
            "content_type": 11,
            "object_id": "11",
            "object_repr": "Post Title 7 - Post Subtitle 7",
            "action_flag": 2,
            "change_message": "[{\"changed\": {\"fields\": [\"Title\", \"Subtitle\"]}}]"
        }
    },
    {
        "model": "admin.logentry",
        "pk": 116,
        "fields": {
            "action_time": "2021-01-03T17:54:57.238Z",
            "user": 1,
            "content_type": 11,
            "object_id": "12",
            "object_repr": "Post Title 8 - Post Subtitle 8",
            "action_flag": 2,
            "change_message": "[{\"changed\": {\"fields\": [\"Title\", \"Subtitle\"]}}]"
        }
    },
    {
        "model": "admin.logentry",
        "pk": 117,
        "fields": {
            "action_time": "2021-01-03T17:55:00.975Z",
            "user": 1,
            "content_type": 11,
            "object_id": "13",
            "object_repr": "Post Title 9 - Post Subtitle 9",
            "action_flag": 2,
            "change_message": "[{\"changed\": {\"fields\": [\"Title\", \"Subtitle\"]}}]"
        }
    },
    {
        "model": "admin.logentry",
        "pk": 118,
        "fields": {
            "action_time": "2021-01-03T17:55:07.318Z",
            "user": 1,
            "content_type": 11,
            "object_id": "14",
            "object_repr": "Post Title 10 - Post Subtitle 10",
            "action_flag": 2,
            "change_message": "[{\"changed\": {\"fields\": [\"Title\", \"Subtitle\"]}}]"
        }
    },
    {
        "model": "admin.logentry",
        "pk": 119,
        "fields": {
            "action_time": "2021-01-03T17:55:12.002Z",
            "user": 1,
            "content_type": 11,
            "object_id": "15",
            "object_repr": "Post Title 11 - Post Subtitle 11",
            "action_flag": 2,
            "change_message": "[{\"changed\": {\"fields\": [\"Title\", \"Subtitle\"]}}]"
        }
    },
    {
        "model": "admin.logentry",
        "pk": 120,
        "fields": {
            "action_time": "2021-01-03T17:55:16.287Z",
            "user": 1,
            "content_type": 11,
            "object_id": "16",
            "object_repr": "Post Title 12 - Post Subtitle 12",
            "action_flag": 2,
            "change_message": "[{\"changed\": {\"fields\": [\"Title\", \"Subtitle\"]}}]"
        }
    },
    {
        "model": "admin.logentry",
        "pk": 121,
        "fields": {
            "action_time": "2021-01-03T17:55:20.886Z",
            "user": 1,
            "content_type": 11,
            "object_id": "17",
            "object_repr": "Post Title 13 - Post Subtitle 13",
            "action_flag": 2,
            "change_message": "[{\"changed\": {\"fields\": [\"Title\", \"Subtitle\"]}}]"
        }
    },
    {
        "model": "admin.logentry",
        "pk": 122,
        "fields": {
            "action_time": "2021-01-03T17:55:25.160Z",
            "user": 1,
            "content_type": 11,
            "object_id": "18",
            "object_repr": "Post Title 14 - Post Subtitle 14",
            "action_flag": 2,
            "change_message": "[{\"changed\": {\"fields\": [\"Title\", \"Subtitle\"]}}]"
        }
    },
    {
        "model": "admin.logentry",
        "pk": 123,
        "fields": {
            "action_time": "2021-01-03T17:55:30.088Z",
            "user": 1,
            "content_type": 11,
            "object_id": "19",
            "object_repr": "Post Title 15 - Post Subtitle 15",
            "action_flag": 2,
            "change_message": "[{\"changed\": {\"fields\": [\"Title\", \"Subtitle\"]}}]"
        }
    },
    {
        "model": "admin.logentry",
        "pk": 124,
        "fields": {
            "action_time": "2021-01-03T17:55:35.649Z",
            "user": 1,
            "content_type": 11,
            "object_id": "20",
            "object_repr": "Post Title 16 - Post Subtitle 16",
            "action_flag": 2,
            "change_message": "[{\"changed\": {\"fields\": [\"Title\", \"Subtitle\"]}}]"
        }
    },
    {
        "model": "admin.logentry",
        "pk": 125,
        "fields": {
            "action_time": "2021-01-03T17:55:39.852Z",
            "user": 1,
            "content_type": 11,
            "object_id": "21",
            "object_repr": "Post Title 17 - Post Subtitle 17",
            "action_flag": 2,
            "change_message": "[{\"changed\": {\"fields\": [\"Title\", \"Subtitle\"]}}]"
        }
    },
    {
        "model": "admin.logentry",
        "pk": 126,
        "fields": {
            "action_time": "2021-01-03T17:55:44.678Z",
            "user": 1,
            "content_type": 11,
            "object_id": "22",
            "object_repr": "Post Title 18 - Post Subtitle 18",
            "action_flag": 2,
            "change_message": "[{\"changed\": {\"fields\": [\"Title\", \"Subtitle\"]}}]"
        }
    },
    {
        "model": "admin.logentry",
        "pk": 127,
        "fields": {
            "action_time": "2021-01-03T17:55:49.909Z",
            "user": 1,
            "content_type": 11,
            "object_id": "23",
            "object_repr": "Post Title 19 - Post Subtitle 19",
            "action_flag": 2,
            "change_message": "[{\"changed\": {\"fields\": [\"Title\", \"Subtitle\"]}}]"
        }
    },
    {
        "model": "admin.logentry",
        "pk": 128,
        "fields": {
            "action_time": "2021-01-03T17:55:55.019Z",
            "user": 1,
            "content_type": 11,
            "object_id": "24",
            "object_repr": "Post Title 20 - Post Subtitle 20",
            "action_flag": 2,
            "change_message": "[{\"changed\": {\"fields\": [\"Title\", \"Subtitle\"]}}]"
        }
    },
    {
        "model": "admin.logentry",
        "pk": 129,
        "fields": {
            "action_time": "2021-01-03T17:55:59.869Z",
            "user": 1,
            "content_type": 11,
            "object_id": "25",
            "object_repr": "Post Title 21 - Post Subtitle 21",
            "action_flag": 2,
            "change_message": "[{\"changed\": {\"fields\": [\"Title\", \"Subtitle\"]}}]"
        }
    },
    {
        "model": "admin.logentry",
        "pk": 130,
        "fields": {
            "action_time": "2021-01-03T17:56:04.358Z",
            "user": 1,
            "content_type": 11,
            "object_id": "26",
            "object_repr": "Post Title 22 - Post Subtitle 22",
            "action_flag": 2,
            "change_message": "[{\"changed\": {\"fields\": [\"Title\", \"Subtitle\"]}}]"
        }
    },
    {
        "model": "admin.logentry",
        "pk": 131,
        "fields": {
            "action_time": "2021-01-03T17:56:08.793Z",
            "user": 1,
            "content_type": 11,
            "object_id": "27",
            "object_repr": "Post Title 23 - Post Subtitle 23",
            "action_flag": 2,
            "change_message": "[{\"changed\": {\"fields\": [\"Title\", \"Subtitle\"]}}]"
        }
    },
    {
        "model": "admin.logentry",
        "pk": 132,
        "fields": {
            "action_time": "2021-01-03T17:56:13.160Z",
            "user": 1,
            "content_type": 11,
            "object_id": "28",
            "object_repr": "Post Title 24 - Post Subtitle 24",
            "action_flag": 2,
            "change_message": "[{\"changed\": {\"fields\": [\"Title\", \"Subtitle\"]}}]"
        }
    },
    {
        "model": "admin.logentry",
        "pk": 133,
        "fields": {
            "action_time": "2021-01-03T17:56:17.609Z",
            "user": 1,
            "content_type": 11,
            "object_id": "29",
            "object_repr": "Post Title 25 - Post Subtitle 25",
            "action_flag": 2,
            "change_message": "[{\"changed\": {\"fields\": [\"Title\", \"Subtitle\"]}}]"
        }
    },
    {
        "model": "admin.logentry",
        "pk": 134,
        "fields": {
            "action_time": "2021-01-03T17:56:23.955Z",
            "user": 1,
            "content_type": 11,
            "object_id": "30",
            "object_repr": "Post Title 26 - Post Subtitle 26",
            "action_flag": 2,
            "change_message": "[{\"changed\": {\"fields\": [\"Title\", \"Subtitle\"]}}]"
        }
    },
    {
        "model": "admin.logentry",
        "pk": 135,
        "fields": {
            "action_time": "2021-01-03T17:56:29.738Z",
            "user": 1,
            "content_type": 11,
            "object_id": "31",
            "object_repr": "Post Title 27 - Post Subtitle 27",
            "action_flag": 2,
            "change_message": "[{\"changed\": {\"fields\": [\"Title\", \"Subtitle\"]}}]"
        }
    },
    {
        "model": "admin.logentry",
        "pk": 136,
        "fields": {
            "action_time": "2021-01-03T17:56:33.922Z",
            "user": 1,
            "content_type": 11,
            "object_id": "32",
            "object_repr": "Post Title 28 - Post Subtitle 28",
            "action_flag": 2,
            "change_message": "[{\"changed\": {\"fields\": [\"Title\", \"Subtitle\"]}}]"
        }
    },
    {
        "model": "admin.logentry",
        "pk": 137,
        "fields": {
            "action_time": "2021-01-03T17:56:38.811Z",
            "user": 1,
            "content_type": 11,
            "object_id": "33",
            "object_repr": "Post Title 29 - Post Subtitle 29",
            "action_flag": 2,
            "change_message": "[{\"changed\": {\"fields\": [\"Title\", \"Subtitle\"]}}]"
        }
    },
    {
        "model": "admin.logentry",
        "pk": 138,
        "fields": {
            "action_time": "2021-01-03T17:56:43.639Z",
            "user": 1,
            "content_type": 11,
            "object_id": "34",
            "object_repr": "Post Title 30 - Post Subtitle 30",
            "action_flag": 2,
            "change_message": "[{\"changed\": {\"fields\": [\"Title\", \"Subtitle\"]}}]"
        }
    },
    {
        "model": "admin.logentry",
        "pk": 139,
        "fields": {
            "action_time": "2021-01-03T17:56:47.885Z",
            "user": 1,
            "content_type": 11,
            "object_id": "35",
            "object_repr": "Post Title 31 - Post Subtitle 31",
            "action_flag": 2,
            "change_message": "[{\"changed\": {\"fields\": [\"Title\", \"Subtitle\"]}}]"
        }
    },
    {
        "model": "admin.logentry",
        "pk": 140,
        "fields": {
            "action_time": "2021-01-03T17:56:51.614Z",
            "user": 1,
            "content_type": 11,
            "object_id": "36",
            "object_repr": "Post Title 32 - Post Subtitle 32",
            "action_flag": 2,
            "change_message": "[{\"changed\": {\"fields\": [\"Title\", \"Subtitle\"]}}]"
        }
    },
    {
        "model": "admin.logentry",
        "pk": 141,
        "fields": {
            "action_time": "2021-01-03T17:56:55.374Z",
            "user": 1,
            "content_type": 11,
            "object_id": "37",
            "object_repr": "Post Title 33 - Post Subtitle 33",
            "action_flag": 2,
            "change_message": "[{\"changed\": {\"fields\": [\"Title\", \"Subtitle\"]}}]"
        }
    },
    {
        "model": "admin.logentry",
        "pk": 142,
        "fields": {
            "action_time": "2021-01-03T17:57:00.011Z",
            "user": 1,
            "content_type": 11,
            "object_id": "38",
            "object_repr": "Post Title 34 - Post Subtitle 34",
            "action_flag": 2,
            "change_message": "[{\"changed\": {\"fields\": [\"Title\", \"Subtitle\"]}}]"
        }
    },
    {
        "model": "admin.logentry",
        "pk": 143,
        "fields": {
            "action_time": "2021-01-03T17:57:04.675Z",
            "user": 1,
            "content_type": 11,
            "object_id": "39",
            "object_repr": "Post Title 35 - Post Subtitle 35",
            "action_flag": 2,
            "change_message": "[{\"changed\": {\"fields\": [\"Title\", \"Subtitle\"]}}]"
        }
    },
    {
        "model": "admin.logentry",
        "pk": 144,
        "fields": {
            "action_time": "2021-01-03T17:57:09.622Z",
            "user": 1,
            "content_type": 11,
            "object_id": "40",
            "object_repr": "Post Title 36 - Post Subtitle 36",
            "action_flag": 2,
            "change_message": "[{\"changed\": {\"fields\": [\"Title\", \"Subtitle\"]}}]"
        }
    },
    {
        "model": "admin.logentry",
        "pk": 145,
        "fields": {
            "action_time": "2021-01-03T17:57:13.618Z",
            "user": 1,
            "content_type": 11,
            "object_id": "41",
            "object_repr": "Post Title 37 - Post Subtitle 37",
            "action_flag": 2,
            "change_message": "[{\"changed\": {\"fields\": [\"Title\", \"Subtitle\"]}}]"
        }
    },
    {
        "model": "admin.logentry",
        "pk": 146,
        "fields": {
            "action_time": "2021-01-03T17:57:18.240Z",
            "user": 1,
            "content_type": 11,
            "object_id": "42",
            "object_repr": "Post Title 38 - Post Subtitle 38",
            "action_flag": 2,
            "change_message": "[{\"changed\": {\"fields\": [\"Title\", \"Subtitle\"]}}]"
        }
    },
    {
        "model": "admin.logentry",
        "pk": 147,
        "fields": {
            "action_time": "2021-01-03T17:57:22.357Z",
            "user": 1,
            "content_type": 11,
            "object_id": "43",
            "object_repr": "Post Title 39 - Post Subtitle 39",
            "action_flag": 2,
            "change_message": "[{\"changed\": {\"fields\": [\"Title\", \"Subtitle\"]}}]"
        }
    },
    {
        "model": "admin.logentry",
        "pk": 148,
        "fields": {
            "action_time": "2021-01-03T17:57:29.198Z",
            "user": 1,
            "content_type": 11,
            "object_id": "44",
            "object_repr": "Post Title 40 - Post Subtitle 40",
            "action_flag": 2,
            "change_message": "[{\"changed\": {\"fields\": [\"Title\", \"Subtitle\"]}}]"
        }
    },
    {
        "model": "admin.logentry",
        "pk": 149,
        "fields": {
            "action_time": "2021-01-03T17:57:32.907Z",
            "user": 1,
            "content_type": 11,
            "object_id": "45",
            "object_repr": "Post Title 41 - Post Subtitle 41",
            "action_flag": 2,
            "change_message": "[{\"changed\": {\"fields\": [\"Title\", \"Subtitle\"]}}]"
        }
    },
    {
        "model": "admin.logentry",
        "pk": 150,
        "fields": {
            "action_time": "2021-01-03T17:57:36.852Z",
            "user": 1,
            "content_type": 11,
            "object_id": "46",
            "object_repr": "Post Title 42 - Post Subtitle 42",
            "action_flag": 2,
            "change_message": "[{\"changed\": {\"fields\": [\"Title\", \"Subtitle\"]}}]"
        }
    },
    {
        "model": "admin.logentry",
        "pk": 151,
        "fields": {
            "action_time": "2021-01-03T17:57:43.247Z",
            "user": 1,
            "content_type": 11,
            "object_id": "47",
            "object_repr": "Post Title 43 - Post Subtitle 43",
            "action_flag": 2,
            "change_message": "[{\"changed\": {\"fields\": [\"Title\", \"Subtitle\"]}}]"
        }
    },
    {
        "model": "admin.logentry",
        "pk": 152,
        "fields": {
            "action_time": "2021-01-03T17:57:47.191Z",
            "user": 1,
            "content_type": 11,
            "object_id": "48",
            "object_repr": "Post Title 44 - Post Subtitle 44",
            "action_flag": 2,
            "change_message": "[{\"changed\": {\"fields\": [\"Title\", \"Subtitle\"]}}]"
        }
    },
    {
        "model": "admin.logentry",
        "pk": 153,
        "fields": {
            "action_time": "2021-01-03T17:57:52.746Z",
            "user": 1,
            "content_type": 11,
            "object_id": "49",
            "object_repr": "Post Title 45 - Post Subtitle 45",
            "action_flag": 2,
            "change_message": "[{\"changed\": {\"fields\": [\"Title\", \"Subtitle\"]}}]"
        }
    },
    {
        "model": "admin.logentry",
        "pk": 154,
        "fields": {
            "action_time": "2021-01-03T17:57:56.443Z",
            "user": 1,
            "content_type": 11,
            "object_id": "50",
            "object_repr": "Post Title 46 - Post Subtitle 46",
            "action_flag": 2,
            "change_message": "[{\"changed\": {\"fields\": [\"Title\", \"Subtitle\"]}}]"
        }
    },
    {
        "model": "auth.permission",
        "pk": 1,
        "fields": {
            "name": "Can add log entry",
            "content_type": 1,
            "codename": "add_logentry"
        }
    },
    {
        "model": "auth.permission",
        "pk": 2,
        "fields": {
            "name": "Can change log entry",
            "content_type": 1,
            "codename": "change_logentry"
        }
    },
    {
        "model": "auth.permission",
        "pk": 3,
        "fields": {
            "name": "Can delete log entry",
            "content_type": 1,
            "codename": "delete_logentry"
        }
    },
    {
        "model": "auth.permission",
        "pk": 4,
        "fields": {
            "name": "Can view log entry",
            "content_type": 1,
            "codename": "view_logentry"
        }
    },
    {
        "model": "auth.permission",
        "pk": 5,
        "fields": {
            "name": "Can add permission",
            "content_type": 2,
            "codename": "add_permission"
        }
    },
    {
        "model": "auth.permission",
        "pk": 6,
        "fields": {
            "name": "Can change permission",
            "content_type": 2,
            "codename": "change_permission"
        }
    },
    {
        "model": "auth.permission",
        "pk": 7,
        "fields": {
            "name": "Can delete permission",
            "content_type": 2,
            "codename": "delete_permission"
        }
    },
    {
        "model": "auth.permission",
        "pk": 8,
        "fields": {
            "name": "Can view permission",
            "content_type": 2,
            "codename": "view_permission"
        }
    },
    {
        "model": "auth.permission",
        "pk": 9,
        "fields": {
            "name": "Can add group",
            "content_type": 3,
            "codename": "add_group"
        }
    },
    {
        "model": "auth.permission",
        "pk": 10,
        "fields": {
            "name": "Can change group",
            "content_type": 3,
            "codename": "change_group"
        }
    },
    {
        "model": "auth.permission",
        "pk": 11,
        "fields": {
            "name": "Can delete group",
            "content_type": 3,
            "codename": "delete_group"
        }
    },
    {
        "model": "auth.permission",
        "pk": 12,
        "fields": {
            "name": "Can view group",
            "content_type": 3,
            "codename": "view_group"
        }
    },
    {
        "model": "auth.permission",
        "pk": 13,
        "fields": {
            "name": "Can add user",
            "content_type": 4,
            "codename": "add_user"
        }
    },
    {
        "model": "auth.permission",
        "pk": 14,
        "fields": {
            "name": "Can change user",
            "content_type": 4,
            "codename": "change_user"
        }
    },
    {
        "model": "auth.permission",
        "pk": 15,
        "fields": {
            "name": "Can delete user",
            "content_type": 4,
            "codename": "delete_user"
        }
    },
    {
        "model": "auth.permission",
        "pk": 16,
        "fields": {
            "name": "Can view user",
            "content_type": 4,
            "codename": "view_user"
        }
    },
    {
        "model": "auth.permission",
        "pk": 17,
        "fields": {
            "name": "Can add content type",
            "content_type": 5,
            "codename": "add_contenttype"
        }
    },
    {
        "model": "auth.permission",
        "pk": 18,
        "fields": {
            "name": "Can change content type",
            "content_type": 5,
            "codename": "change_contenttype"
        }
    },
    {
        "model": "auth.permission",
        "pk": 19,
        "fields": {
            "name": "Can delete content type",
            "content_type": 5,
            "codename": "delete_contenttype"
        }
    },
    {
        "model": "auth.permission",
        "pk": 20,
        "fields": {
            "name": "Can view content type",
            "content_type": 5,
            "codename": "view_contenttype"
        }
    },
    {
        "model": "auth.permission",
        "pk": 21,
        "fields": {
            "name": "Can add session",
            "content_type": 6,
            "codename": "add_session"
        }
    },
    {
        "model": "auth.permission",
        "pk": 22,
        "fields": {
            "name": "Can change session",
            "content_type": 6,
            "codename": "change_session"
        }
    },
    {
        "model": "auth.permission",
        "pk": 23,
        "fields": {
            "name": "Can delete session",
            "content_type": 6,
            "codename": "delete_session"
        }
    },
    {
        "model": "auth.permission",
        "pk": 24,
        "fields": {
            "name": "Can view session",
            "content_type": 6,
            "codename": "view_session"
        }
    },
    {
        "model": "auth.permission",
        "pk": 25,
        "fields": {
            "name": "Can add blacklisted token",
            "content_type": 7,
            "codename": "add_blacklistedtoken"
        }
    },
    {
        "model": "auth.permission",
        "pk": 26,
        "fields": {
            "name": "Can change blacklisted token",
            "content_type": 7,
            "codename": "change_blacklistedtoken"
        }
    },
    {
        "model": "auth.permission",
        "pk": 27,
        "fields": {
            "name": "Can delete blacklisted token",
            "content_type": 7,
            "codename": "delete_blacklistedtoken"
        }
    },
    {
        "model": "auth.permission",
        "pk": 28,
        "fields": {
            "name": "Can view blacklisted token",
            "content_type": 7,
            "codename": "view_blacklistedtoken"
        }
    },
    {
        "model": "auth.permission",
        "pk": 29,
        "fields": {
            "name": "Can add outstanding token",
            "content_type": 8,
            "codename": "add_outstandingtoken"
        }
    },
    {
        "model": "auth.permission",
        "pk": 30,
        "fields": {
            "name": "Can change outstanding token",
            "content_type": 8,
            "codename": "change_outstandingtoken"
        }
    },
    {
        "model": "auth.permission",
        "pk": 31,
        "fields": {
            "name": "Can delete outstanding token",
            "content_type": 8,
            "codename": "delete_outstandingtoken"
        }
    },
    {
        "model": "auth.permission",
        "pk": 32,
        "fields": {
            "name": "Can view outstanding token",
            "content_type": 8,
            "codename": "view_outstandingtoken"
        }
    },
    {
        "model": "auth.permission",
        "pk": 33,
        "fields": {
            "name": "Can add keyword",
            "content_type": 9,
            "codename": "add_keyword"
        }
    },
    {
        "model": "auth.permission",
        "pk": 34,
        "fields": {
            "name": "Can change keyword",
            "content_type": 9,
            "codename": "change_keyword"
        }
    },
    {
        "model": "auth.permission",
        "pk": 35,
        "fields": {
            "name": "Can delete keyword",
            "content_type": 9,
            "codename": "delete_keyword"
        }
    },
    {
        "model": "auth.permission",
        "pk": 36,
        "fields": {
            "name": "Can view keyword",
            "content_type": 9,
            "codename": "view_keyword"
        }
    },
    {
        "model": "auth.permission",
        "pk": 37,
        "fields": {
            "name": "Can add project",
            "content_type": 10,
            "codename": "add_project"
        }
    },
    {
        "model": "auth.permission",
        "pk": 38,
        "fields": {
            "name": "Can change project",
            "content_type": 10,
            "codename": "change_project"
        }
    },
    {
        "model": "auth.permission",
        "pk": 39,
        "fields": {
            "name": "Can delete project",
            "content_type": 10,
            "codename": "delete_project"
        }
    },
    {
        "model": "auth.permission",
        "pk": 40,
        "fields": {
            "name": "Can view project",
            "content_type": 10,
            "codename": "view_project"
        }
    },
    {
        "model": "auth.permission",
        "pk": 41,
        "fields": {
            "name": "Can add post",
            "content_type": 11,
            "codename": "add_post"
        }
    },
    {
        "model": "auth.permission",
        "pk": 42,
        "fields": {
            "name": "Can change post",
            "content_type": 11,
            "codename": "change_post"
        }
    },
    {
        "model": "auth.permission",
        "pk": 43,
        "fields": {
            "name": "Can delete post",
            "content_type": 11,
            "codename": "delete_post"
        }
    },
    {
        "model": "auth.permission",
        "pk": 44,
        "fields": {
            "name": "Can view post",
            "content_type": 11,
            "codename": "view_post"
        }
    },
    {
        "model": "auth.permission",
        "pk": 45,
        "fields": {
            "name": "Can add linkedin activity",
            "content_type": 12,
            "codename": "add_linkedinactivity"
        }
    },
    {
        "model": "auth.permission",
        "pk": 46,
        "fields": {
            "name": "Can change linkedin activity",
            "content_type": 12,
            "codename": "change_linkedinactivity"
        }
    },
    {
        "model": "auth.permission",
        "pk": 47,
        "fields": {
            "name": "Can delete linkedin activity",
            "content_type": 12,
            "codename": "delete_linkedinactivity"
        }
    },
    {
        "model": "auth.permission",
        "pk": 48,
        "fields": {
            "name": "Can view linkedin activity",
            "content_type": 12,
            "codename": "view_linkedinactivity"
        }
    },
    {
        "model": "auth.permission",
        "pk": 49,
        "fields": {
            "name": "Can add post activity base",
            "content_type": 13,
            "codename": "add_postactivitybase"
        }
    },
    {
        "model": "auth.permission",
        "pk": 50,
        "fields": {
            "name": "Can change post activity base",
            "content_type": 13,
            "codename": "change_postactivitybase"
        }
    },
    {
        "model": "auth.permission",
        "pk": 51,
        "fields": {
            "name": "Can delete post activity base",
            "content_type": 13,
            "codename": "delete_postactivitybase"
        }
    },
    {
        "model": "auth.permission",
        "pk": 52,
        "fields": {
            "name": "Can view post activity base",
            "content_type": 13,
            "codename": "view_postactivitybase"
        }
    },
    {
        "model": "auth.permission",
        "pk": 53,
        "fields": {
            "name": "Can add project activity base",
            "content_type": 14,
            "codename": "add_projectactivitybase"
        }
    },
    {
        "model": "auth.permission",
        "pk": 54,
        "fields": {
            "name": "Can change project activity base",
            "content_type": 14,
            "codename": "change_projectactivitybase"
        }
    },
    {
        "model": "auth.permission",
        "pk": 55,
        "fields": {
            "name": "Can delete project activity base",
            "content_type": 14,
            "codename": "delete_projectactivitybase"
        }
    },
    {
        "model": "auth.permission",
        "pk": 56,
        "fields": {
            "name": "Can view project activity base",
            "content_type": 14,
            "codename": "view_projectactivitybase"
        }
    },
    {
        "model": "auth.permission",
        "pk": 57,
        "fields": {
            "name": "Can add github activity base",
            "content_type": 15,
            "codename": "add_githubactivitybase"
        }
    },
    {
        "model": "auth.permission",
        "pk": 58,
        "fields": {
            "name": "Can change github activity base",
            "content_type": 15,
            "codename": "change_githubactivitybase"
        }
    },
    {
        "model": "auth.permission",
        "pk": 59,
        "fields": {
            "name": "Can delete github activity base",
            "content_type": 15,
            "codename": "delete_githubactivitybase"
        }
    },
    {
        "model": "auth.permission",
        "pk": 60,
        "fields": {
            "name": "Can view github activity base",
            "content_type": 15,
            "codename": "view_githubactivitybase"
        }
    },
    {
        "model": "auth.permission",
        "pk": 61,
        "fields": {
            "name": "Can add post created activity",
            "content_type": 16,
            "codename": "add_postcreatedactivity"
        }
    },
    {
        "model": "auth.permission",
        "pk": 62,
        "fields": {
            "name": "Can change post created activity",
            "content_type": 16,
            "codename": "change_postcreatedactivity"
        }
    },
    {
        "model": "auth.permission",
        "pk": 63,
        "fields": {
            "name": "Can delete post created activity",
            "content_type": 16,
            "codename": "delete_postcreatedactivity"
        }
    },
    {
        "model": "auth.permission",
        "pk": 64,
        "fields": {
            "name": "Can view post created activity",
            "content_type": 16,
            "codename": "view_postcreatedactivity"
        }
    },
    {
        "model": "auth.permission",
        "pk": 65,
        "fields": {
            "name": "Can add post edited activity",
            "content_type": 17,
            "codename": "add_posteditedactivity"
        }
    },
    {
        "model": "auth.permission",
        "pk": 66,
        "fields": {
            "name": "Can change post edited activity",
            "content_type": 17,
            "codename": "change_posteditedactivity"
        }
    },
    {
        "model": "auth.permission",
        "pk": 67,
        "fields": {
            "name": "Can delete post edited activity",
            "content_type": 17,
            "codename": "delete_posteditedactivity"
        }
    },
    {
        "model": "auth.permission",
        "pk": 68,
        "fields": {
            "name": "Can view post edited activity",
            "content_type": 17,
            "codename": "view_posteditedactivity"
        }
    },
    {
        "model": "auth.permission",
        "pk": 69,
        "fields": {
            "name": "Can add project created activity",
            "content_type": 18,
            "codename": "add_projectcreatedactivity"
        }
    },
    {
        "model": "auth.permission",
        "pk": 70,
        "fields": {
            "name": "Can change project created activity",
            "content_type": 18,
            "codename": "change_projectcreatedactivity"
        }
    },
    {
        "model": "auth.permission",
        "pk": 71,
        "fields": {
            "name": "Can delete project created activity",
            "content_type": 18,
            "codename": "delete_projectcreatedactivity"
        }
    },
    {
        "model": "auth.permission",
        "pk": 72,
        "fields": {
            "name": "Can view project created activity",
            "content_type": 18,
            "codename": "view_projectcreatedactivity"
        }
    },
    {
        "model": "auth.permission",
        "pk": 73,
        "fields": {
            "name": "Can add project edited activity",
            "content_type": 19,
            "codename": "add_projecteditedactivity"
        }
    },
    {
        "model": "auth.permission",
        "pk": 74,
        "fields": {
            "name": "Can change project edited activity",
            "content_type": 19,
            "codename": "change_projecteditedactivity"
        }
    },
    {
        "model": "auth.permission",
        "pk": 75,
        "fields": {
            "name": "Can delete project edited activity",
            "content_type": 19,
            "codename": "delete_projecteditedactivity"
        }
    },
    {
        "model": "auth.permission",
        "pk": 76,
        "fields": {
            "name": "Can view project edited activity",
            "content_type": 19,
            "codename": "view_projecteditedactivity"
        }
    },
    {
        "model": "auth.permission",
        "pk": 77,
        "fields": {
            "name": "Can add github new commit activity",
            "content_type": 20,
            "codename": "add_githubnewcommitactivity"
        }
    },
    {
        "model": "auth.permission",
        "pk": 78,
        "fields": {
            "name": "Can change github new commit activity",
            "content_type": 20,
            "codename": "change_githubnewcommitactivity"
        }
    },
    {
        "model": "auth.permission",
        "pk": 79,
        "fields": {
            "name": "Can delete github new commit activity",
            "content_type": 20,
            "codename": "delete_githubnewcommitactivity"
        }
    },
    {
        "model": "auth.permission",
        "pk": 80,
        "fields": {
            "name": "Can view github new commit activity",
            "content_type": 20,
            "codename": "view_githubnewcommitactivity"
        }
    },
    {
        "model": "auth.permission",
        "pk": 81,
        "fields": {
            "name": "Can add github new repository activity",
            "content_type": 21,
            "codename": "add_githubnewrepositoryactivity"
        }
    },
    {
        "model": "auth.permission",
        "pk": 82,
        "fields": {
            "name": "Can change github new repository activity",
            "content_type": 21,
            "codename": "change_githubnewrepositoryactivity"
        }
    },
    {
        "model": "auth.permission",
        "pk": 83,
        "fields": {
            "name": "Can delete github new repository activity",
            "content_type": 21,
            "codename": "delete_githubnewrepositoryactivity"
        }
    },
    {
        "model": "auth.permission",
        "pk": 84,
        "fields": {
            "name": "Can view github new repository activity",
            "content_type": 21,
            "codename": "view_githubnewrepositoryactivity"
        }
    },
    {
        "model": "auth.permission",
        "pk": 85,
        "fields": {
            "name": "Can add contact form",
            "content_type": 22,
            "codename": "add_contactform"
        }
    },
    {
        "model": "auth.permission",
        "pk": 86,
        "fields": {
            "name": "Can change contact form",
            "content_type": 22,
            "codename": "change_contactform"
        }
    },
    {
        "model": "auth.permission",
        "pk": 87,
        "fields": {
            "name": "Can delete contact form",
            "content_type": 22,
            "codename": "delete_contactform"
        }
    },
    {
        "model": "auth.permission",
        "pk": 88,
        "fields": {
            "name": "Can view contact form",
            "content_type": 22,
            "codename": "view_contactform"
        }
    },
    {
        "model": "auth.user",
        "pk": 1,
        "fields": {
            "password": "pbkdf2_sha256$216000$MwOD8bwv7hyv$314n4vFZoY/haInqnVrZ1IDQG9wp37j1mOy8XbV9XLw=",
            "last_login": "2020-12-31T17:29:09.060Z",
            "is_superuser": true,
            "username": "admin",
            "first_name": "",
            "last_name": "",
            "email": "",
            "is_staff": true,
            "is_active": true,
            "date_joined": "2020-12-31T17:29:03.659Z",
            "groups": [],
            "user_permissions": []
        }
    },
    {
        "model": "contenttypes.contenttype",
        "pk": 1,
        "fields": {
            "app_label": "admin",
            "model": "logentry"
        }
    },
    {
        "model": "contenttypes.contenttype",
        "pk": 2,
        "fields": {
            "app_label": "auth",
            "model": "permission"
        }
    },
    {
        "model": "contenttypes.contenttype",
        "pk": 3,
        "fields": {
            "app_label": "auth",
            "model": "group"
        }
    },
    {
        "model": "contenttypes.contenttype",
        "pk": 4,
        "fields": {
            "app_label": "auth",
            "model": "user"
        }
    },
    {
        "model": "contenttypes.contenttype",
        "pk": 5,
        "fields": {
            "app_label": "contenttypes",
            "model": "contenttype"
        }
    },
    {
        "model": "contenttypes.contenttype",
        "pk": 6,
        "fields": {
            "app_label": "sessions",
            "model": "session"
        }
    },
    {
        "model": "contenttypes.contenttype",
        "pk": 7,
        "fields": {
            "app_label": "token_blacklist",
            "model": "blacklistedtoken"
        }
    },
    {
        "model": "contenttypes.contenttype",
        "pk": 8,
        "fields": {
            "app_label": "token_blacklist",
            "model": "outstandingtoken"
        }
    },
    {
        "model": "contenttypes.contenttype",
        "pk": 9,
        "fields": {
            "app_label": "projects",
            "model": "keyword"
        }
    },
    {
        "model": "contenttypes.contenttype",
        "pk": 10,
        "fields": {
            "app_label": "projects",
            "model": "project"
        }
    },
    {
        "model": "contenttypes.contenttype",
        "pk": 11,
        "fields": {
            "app_label": "blog",
            "model": "post"
        }
    },
    {
        "model": "contenttypes.contenttype",
        "pk": 12,
        "fields": {
            "app_label": "feed",
            "model": "linkedinactivity"
        }
    },
    {
        "model": "contenttypes.contenttype",
        "pk": 13,
        "fields": {
            "app_label": "feed",
            "model": "postactivitybase"
        }
    },
    {
        "model": "contenttypes.contenttype",
        "pk": 14,
        "fields": {
            "app_label": "feed",
            "model": "projectactivitybase"
        }
    },
    {
        "model": "contenttypes.contenttype",
        "pk": 15,
        "fields": {
            "app_label": "feed",
            "model": "githubactivitybase"
        }
    },
    {
        "model": "contenttypes.contenttype",
        "pk": 16,
        "fields": {
            "app_label": "feed",
            "model": "postcreatedactivity"
        }
    },
    {
        "model": "contenttypes.contenttype",
        "pk": 17,
        "fields": {
            "app_label": "feed",
            "model": "posteditedactivity"
        }
    },
    {
        "model": "contenttypes.contenttype",
        "pk": 18,
        "fields": {
            "app_label": "feed",
            "model": "projectcreatedactivity"
        }
    },
    {
        "model": "contenttypes.contenttype",
        "pk": 19,
        "fields": {
            "app_label": "feed",
            "model": "projecteditedactivity"
        }
    },
    {
        "model": "contenttypes.contenttype",
        "pk": 20,
        "fields": {
            "app_label": "feed",
            "model": "githubnewcommitactivity"
        }
    },
    {
        "model": "contenttypes.contenttype",
        "pk": 21,
        "fields": {
            "app_label": "feed",
            "model": "githubnewrepositoryactivity"
        }
    },
    {
        "model": "contenttypes.contenttype",
        "pk": 22,
        "fields": {
            "app_label": "contact",
            "model": "contactform"
        }
    },
    {
        "model": "sessions.session",
        "pk": "quajkdyj2wlpw8d01kck8r56bl1i8z0k",
        "fields": {
            "session_data": ".eJxVjEEOwiAQRe_C2hAodBCX7nuGZpgZpGpoUtqV8e7apAvd_vfef6kRt7WMW5NlnFhdlFWn3y0hPaTugO9Yb7Omua7LlPSu6IM2Pcwsz-vh_h0UbOVbp5w8OzKxIyDmLoDLxoWYxEcIvocsfSQrAQ1kC30gL4TOG0A-W2H1_gDyizg8:1kv1l7:AFqb2qYg3zQYYlsV7VnawGbCa22oj7_twlXL-BQ960M",
            "expire_date": "2021-01-14T17:29:09.062Z"
        }
    },
    {
        "model": "token_blacklist.outstandingtoken",
        "pk": 1,
        "fields": {
            "user": 1,
            "jti": "d46b17a80d0243878b73bf7cbc26030e",
            "token": "eyJ0eXAiOiJKV1QiLCJhbGciOiJIUzI1NiJ9.eyJ0b2tlbl90eXBlIjoicmVmcmVzaCIsImV4cCI6MTYwOTUyMjcxMywianRpIjoiZDQ2YjE3YTgwZDAyNDM4NzhiNzNiZjdjYmMyNjAzMGUiLCJ1c2VyX2lkIjoxfQ.nidhif-KucXKBN4FxIByeiVHS9nQGAScrXXBNGrIMNw",
            "created_at": "2020-12-31T17:38:33.617Z",
            "expires_at": "2021-01-01T17:38:33Z"
        }
    },
    {
        "model": "token_blacklist.outstandingtoken",
        "pk": 2,
        "fields": {
            "user": 1,
            "jti": "7928c8fa3b8f496595718aa724f84a7e",
            "token": "eyJ0eXAiOiJKV1QiLCJhbGciOiJIUzI1NiJ9.eyJ0b2tlbl90eXBlIjoicmVmcmVzaCIsImV4cCI6MTYwOTUyMjcxMywianRpIjoiNzkyOGM4ZmEzYjhmNDk2NTk1NzE4YWE3MjRmODRhN2UiLCJ1c2VyX2lkIjoxfQ.Sp4lgxHgZSYynsH5yFfTzcAyyuBK9OSSFX3kLiFkHJM",
            "created_at": "2020-12-31T17:38:33.617Z",
            "expires_at": "2021-01-01T17:38:33Z"
        }
    },
    {
        "model": "token_blacklist.outstandingtoken",
        "pk": 3,
        "fields": {
            "user": 1,
            "jti": "7b90bae6023e42a7a9b4bdcca7783024",
            "token": "eyJ0eXAiOiJKV1QiLCJhbGciOiJIUzI1NiJ9.eyJ0b2tlbl90eXBlIjoicmVmcmVzaCIsImV4cCI6MTYwOTUyMjcyNCwianRpIjoiN2I5MGJhZTYwMjNlNDJhN2E5YjRiZGNjYTc3ODMwMjQiLCJ1c2VyX2lkIjoxfQ.ULDSVNch0iLVOx4-uc6OG-SPO7ptxaRieta68rkh-jI",
            "created_at": "2020-12-31T17:38:44.345Z",
            "expires_at": "2021-01-01T17:38:44Z"
        }
    },
    {
        "model": "token_blacklist.outstandingtoken",
        "pk": 4,
        "fields": {
            "user": 1,
            "jti": "49b2bdce0d014da7b66650620ca11d10",
            "token": "eyJ0eXAiOiJKV1QiLCJhbGciOiJIUzI1NiJ9.eyJ0b2tlbl90eXBlIjoicmVmcmVzaCIsImV4cCI6MTYwOTUyMjc3MiwianRpIjoiNDliMmJkY2UwZDAxNGRhN2I2NjY1MDYyMGNhMTFkMTAiLCJ1c2VyX2lkIjoxfQ.3TEUSqS5kRw0yNh_zf9FW7GlXrUgl4WmMyVLwy_Y6Ns",
            "created_at": "2020-12-31T17:39:32.066Z",
            "expires_at": "2021-01-01T17:39:32Z"
        }
    },
    {
        "model": "token_blacklist.outstandingtoken",
        "pk": 5,
        "fields": {
            "user": 1,
            "jti": "44a3fdc63ca443faa92721f0630f1582",
            "token": "eyJ0eXAiOiJKV1QiLCJhbGciOiJIUzI1NiJ9.eyJ0b2tlbl90eXBlIjoicmVmcmVzaCIsImV4cCI6MTYwOTUyMzI3MywianRpIjoiNDRhM2ZkYzYzY2E0NDNmYWE5MjcyMWYwNjMwZjE1ODIiLCJ1c2VyX2lkIjoxfQ.xLyWSqHf8HP6uROBjU1mDFskvMNpx_BNoGyv2e6PDBQ",
            "created_at": "2020-12-31T17:47:53.625Z",
            "expires_at": "2021-01-01T17:47:53Z"
        }
    },
    {
        "model": "token_blacklist.outstandingtoken",
        "pk": 6,
        "fields": {
            "user": 1,
            "jti": "f0ae666f506147abbaeeb645bf36837c",
            "token": "eyJ0eXAiOiJKV1QiLCJhbGciOiJIUzI1NiJ9.eyJ0b2tlbl90eXBlIjoicmVmcmVzaCIsImV4cCI6MTYwOTUyMzY1MywianRpIjoiZjBhZTY2NmY1MDYxNDdhYmJhZWViNjQ1YmYzNjgzN2MiLCJ1c2VyX2lkIjoxfQ.KtDh176jhuMUKaKnuNsiPpA3fsalFcFIHtecMKfH-Ao",
            "created_at": "2020-12-31T17:54:13.648Z",
            "expires_at": "2021-01-01T17:54:13Z"
        }
    },
    {
        "model": "token_blacklist.outstandingtoken",
        "pk": 7,
        "fields": {
            "user": 1,
            "jti": "7fcaa80751574d8cbe0964b6ceebe3ae",
            "token": "eyJ0eXAiOiJKV1QiLCJhbGciOiJIUzI1NiJ9.eyJ0b2tlbl90eXBlIjoicmVmcmVzaCIsImV4cCI6MTYwOTUyMzcwNCwianRpIjoiN2ZjYWE4MDc1MTU3NGQ4Y2JlMDk2NGI2Y2VlYmUzYWUiLCJ1c2VyX2lkIjoxfQ._eR_5wiyB0na1SdN2IbhJpg-R_N9WLmD_II3nmmrOrY",
            "created_at": "2020-12-31T17:55:04.144Z",
            "expires_at": "2021-01-01T17:55:04Z"
        }
    },
    {
        "model": "token_blacklist.outstandingtoken",
        "pk": 8,
        "fields": {
            "user": 1,
            "jti": "cd2b21b5bef64493995a0c946ae4767a",
            "token": "eyJ0eXAiOiJKV1QiLCJhbGciOiJIUzI1NiJ9.eyJ0b2tlbl90eXBlIjoicmVmcmVzaCIsImV4cCI6MTYwOTUyMzc0NywianRpIjoiY2QyYjIxYjViZWY2NDQ5Mzk5NWEwYzk0NmFlNDc2N2EiLCJ1c2VyX2lkIjoxfQ.TiA6soBxyF0Wyym86nTRhgAGdXCsVCReO9xpqjkm358",
            "created_at": "2020-12-31T17:55:47.428Z",
            "expires_at": "2021-01-01T17:55:47Z"
        }
    },
    {
        "model": "token_blacklist.outstandingtoken",
        "pk": 9,
        "fields": {
            "user": 1,
            "jti": "17eb8a3b2f6d406d8d700de2108b17ae",
            "token": "eyJ0eXAiOiJKV1QiLCJhbGciOiJIUzI1NiJ9.eyJ0b2tlbl90eXBlIjoicmVmcmVzaCIsImV4cCI6MTYwOTUyMzg4NCwianRpIjoiMTdlYjhhM2IyZjZkNDA2ZDhkNzAwZGUyMTA4YjE3YWUiLCJ1c2VyX2lkIjoxfQ.v4IrHA-ja5WUu4oxYp1jcGBSRd9WLIQSl4QwI9qFyKQ",
            "created_at": "2020-12-31T17:58:04.301Z",
            "expires_at": "2021-01-01T17:58:04Z"
        }
    },
    {
        "model": "token_blacklist.outstandingtoken",
        "pk": 10,
        "fields": {
            "user": 1,
            "jti": "0e0568ec834f4b528a07c8249c9a3086",
            "token": "eyJ0eXAiOiJKV1QiLCJhbGciOiJIUzI1NiJ9.eyJ0b2tlbl90eXBlIjoicmVmcmVzaCIsImV4cCI6MTYwOTUyNDg1NSwianRpIjoiMGUwNTY4ZWM4MzRmNGI1MjhhMDdjODI0OWM5YTMwODYiLCJ1c2VyX2lkIjoxfQ.Un7HXVvFDjcEt6hMdC411vv74D_PugxMwaPsWVJ94aA",
            "created_at": "2020-12-31T18:14:15.635Z",
            "expires_at": "2021-01-01T18:14:15Z"
        }
    },
    {
        "model": "token_blacklist.outstandingtoken",
        "pk": 11,
        "fields": {
            "user": 1,
            "jti": "ac811d9b8a45462eb5f0f0bda46997ea",
            "token": "eyJ0eXAiOiJKV1QiLCJhbGciOiJIUzI1NiJ9.eyJ0b2tlbl90eXBlIjoicmVmcmVzaCIsImV4cCI6MTYwOTUyNTMwMywianRpIjoiYWM4MTFkOWI4YTQ1NDYyZWI1ZjBmMGJkYTQ2OTk3ZWEiLCJ1c2VyX2lkIjoxfQ.R5YN2LUNd5J4oalItkLcPXTEs6z5vPdkKscbLHcSimI",
            "created_at": "2020-12-31T18:21:43.012Z",
            "expires_at": "2021-01-01T18:21:43Z"
        }
    },
    {
        "model": "token_blacklist.outstandingtoken",
        "pk": 12,
        "fields": {
            "user": 1,
            "jti": "c7a19fb5f36c4e1a9809b95876309b70",
            "token": "eyJ0eXAiOiJKV1QiLCJhbGciOiJIUzI1NiJ9.eyJ0b2tlbl90eXBlIjoicmVmcmVzaCIsImV4cCI6MTYwOTUyNTM5MywianRpIjoiYzdhMTlmYjVmMzZjNGUxYTk4MDliOTU4NzYzMDliNzAiLCJ1c2VyX2lkIjoxfQ.nzh_DWPM25hh0gH5aa94gy1wmMhKWHmx9E4wJU_USXU",
            "created_at": "2020-12-31T18:23:13.861Z",
            "expires_at": "2021-01-01T18:23:13Z"
        }
    },
    {
        "model": "token_blacklist.outstandingtoken",
        "pk": 13,
        "fields": {
            "user": 1,
            "jti": "3e07e2e221cf432dbe62bdeee2a1d481",
            "token": "eyJ0eXAiOiJKV1QiLCJhbGciOiJIUzI1NiJ9.eyJ0b2tlbl90eXBlIjoicmVmcmVzaCIsImV4cCI6MTYwOTUyNTQ0NywianRpIjoiM2UwN2UyZTIyMWNmNDMyZGJlNjJiZGVlZTJhMWQ0ODEiLCJ1c2VyX2lkIjoxfQ.ZQ3qyny8_39ZxdWyYbY4yaCzHwT_JhhYg4IAa-ndNN4",
            "created_at": "2020-12-31T18:24:07.850Z",
            "expires_at": "2021-01-01T18:24:07Z"
        }
    },
    {
        "model": "token_blacklist.outstandingtoken",
        "pk": 14,
        "fields": {
            "user": 1,
            "jti": "1ccf1bd87d84437d845cacc3bff73483",
            "token": "eyJ0eXAiOiJKV1QiLCJhbGciOiJIUzI1NiJ9.eyJ0b2tlbl90eXBlIjoicmVmcmVzaCIsImV4cCI6MTYwOTUyNTQ1OSwianRpIjoiMWNjZjFiZDg3ZDg0NDM3ZDg0NWNhY2MzYmZmNzM0ODMiLCJ1c2VyX2lkIjoxfQ.gLEKBtBNl7RW6_p-lk1sPgzZ0_qujksewAH_4BTTd0s",
            "created_at": "2020-12-31T18:24:19.438Z",
            "expires_at": "2021-01-01T18:24:19Z"
        }
    },
    {
        "model": "token_blacklist.outstandingtoken",
        "pk": 15,
        "fields": {
            "user": 1,
            "jti": "19e981055dd04855b7c8f061843b9e5d",
            "token": "eyJ0eXAiOiJKV1QiLCJhbGciOiJIUzI1NiJ9.eyJ0b2tlbl90eXBlIjoicmVmcmVzaCIsImV4cCI6MTYwOTUyNTUzOCwianRpIjoiMTllOTgxMDU1ZGQwNDg1NWI3YzhmMDYxODQzYjllNWQiLCJ1c2VyX2lkIjoxfQ.SQnDdK6yCC7bBB3ZX9OvmcZyC6kt8GU6cMTCcAiemIs",
            "created_at": "2020-12-31T18:25:38.659Z",
            "expires_at": "2021-01-01T18:25:38Z"
        }
    },
    {
        "model": "token_blacklist.outstandingtoken",
        "pk": 16,
        "fields": {
            "user": 1,
            "jti": "2247174e323e43128942f068895953a0",
            "token": "eyJ0eXAiOiJKV1QiLCJhbGciOiJIUzI1NiJ9.eyJ0b2tlbl90eXBlIjoicmVmcmVzaCIsImV4cCI6MTYwOTUyNTU2NCwianRpIjoiMjI0NzE3NGUzMjNlNDMxMjg5NDJmMDY4ODk1OTUzYTAiLCJ1c2VyX2lkIjoxfQ.SNNaoo5BDBlbCfKP00cfy7DgD99MlfVxpwJRAtLEqxI",
            "created_at": "2020-12-31T18:26:04.425Z",
            "expires_at": "2021-01-01T18:26:04Z"
        }
    },
    {
        "model": "token_blacklist.outstandingtoken",
        "pk": 17,
        "fields": {
            "user": 1,
            "jti": "a1a9b32bd312491a99092ce604d9b1bc",
            "token": "eyJ0eXAiOiJKV1QiLCJhbGciOiJIUzI1NiJ9.eyJ0b2tlbl90eXBlIjoicmVmcmVzaCIsImV4cCI6MTYwOTUyNTY4NiwianRpIjoiYTFhOWIzMmJkMzEyNDkxYTk5MDkyY2U2MDRkOWIxYmMiLCJ1c2VyX2lkIjoxfQ.CAc1gEY934c9IhoiFWreQtTH7gatqhJRPuBi51UE6qw",
            "created_at": "2020-12-31T18:28:06.331Z",
            "expires_at": "2021-01-01T18:28:06Z"
        }
    },
    {
        "model": "token_blacklist.outstandingtoken",
        "pk": 18,
        "fields": {
            "user": 1,
            "jti": "6f585fbf0aee4a63a49e0ecd9a41d4f8",
            "token": "eyJ0eXAiOiJKV1QiLCJhbGciOiJIUzI1NiJ9.eyJ0b2tlbl90eXBlIjoicmVmcmVzaCIsImV4cCI6MTYwOTUyNTgxOCwianRpIjoiNmY1ODVmYmYwYWVlNGE2M2E0OWUwZWNkOWE0MWQ0ZjgiLCJ1c2VyX2lkIjoxfQ.OP4HTp5QWoRyBHsMpHzvnY4M9Z82tTLUB7_8_7JWzAU",
            "created_at": "2020-12-31T18:30:18.302Z",
            "expires_at": "2021-01-01T18:30:18Z"
        }
    },
    {
        "model": "token_blacklist.outstandingtoken",
        "pk": 19,
        "fields": {
            "user": 1,
            "jti": "0e47968d32dd47dabab908cbad6728a0",
            "token": "eyJ0eXAiOiJKV1QiLCJhbGciOiJIUzI1NiJ9.eyJ0b2tlbl90eXBlIjoicmVmcmVzaCIsImV4cCI6MTYwOTUyNTgyNywianRpIjoiMGU0Nzk2OGQzMmRkNDdkYWJhYjkwOGNiYWQ2NzI4YTAiLCJ1c2VyX2lkIjoxfQ.wA9elcgvNH8FRpqxmzWm_1Bnao61hIMVLs4dkfQg6gg",
            "created_at": "2020-12-31T18:30:27.355Z",
            "expires_at": "2021-01-01T18:30:27Z"
        }
    },
    {
        "model": "token_blacklist.outstandingtoken",
        "pk": 20,
        "fields": {
            "user": 1,
            "jti": "2eb25d12ea0e4014af13822f6cdacf19",
            "token": "eyJ0eXAiOiJKV1QiLCJhbGciOiJIUzI1NiJ9.eyJ0b2tlbl90eXBlIjoicmVmcmVzaCIsImV4cCI6MTYwOTUyNTg0OCwianRpIjoiMmViMjVkMTJlYTBlNDAxNGFmMTM4MjJmNmNkYWNmMTkiLCJ1c2VyX2lkIjoxfQ.o576XYb-wKQuGj6c_EaONa4HhCJ5Y1wZeosR0mLw9mw",
            "created_at": "2020-12-31T18:30:48.185Z",
            "expires_at": "2021-01-01T18:30:48Z"
        }
    },
    {
        "model": "projects.project",
        "pk": 1,
        "fields": {
            "title": "Personal Website",
            "description": "A short-form description for this project has yet to be added.",
            "description_verbose": "A long-form description for this project has yet to be added.",
            "datetime_created": "2020-12-31T17:32:59.483Z",
            "datetime_changed": "2020-12-31T19:24:54.180Z",
            "_phase": 2,
            "_category": 1,
            "_keywords": [
                3,
                2,
                1,
                5,
                4
            ]
        }
    },
    {
        "model": "projects.project",
        "pk": 2,
        "fields": {
            "title": "Inventory Checker",
            "description": "A short-form description for this project.",
            "description_verbose": "A long-form description for this project.",
            "datetime_created": "2020-12-31T19:27:48.363Z",
            "datetime_changed": "2020-12-31T21:30:34.418Z",
            "_phase": 1,
            "_category": 1,
            "_keywords": [
                3,
                2,
                1,
                5,
                4
            ]
        }
    },
    {
        "model": "projects.project",
        "pk": 3,
        "fields": {
            "title": "Former Personal Website",
            "description": "A short-form description.",
            "description_verbose": "A long-form description.",
            "datetime_created": "2020-12-31T19:29:19.072Z",
            "datetime_changed": "2020-12-31T21:30:37.671Z",
            "_phase": 4,
            "_category": 1,
            "_keywords": [
                2
            ]
        }
    },
    {
        "model": "projects.keyword",
        "pk": 1,
        "fields": {
            "word": "Docker",
            "_projects": [
                2,
                1
            ]
        }
    },
    {
        "model": "projects.keyword",
        "pk": 2,
        "fields": {
            "word": "Django",
            "_projects": [
                2,
                1,
                3
            ]
        }
    },
    {
        "model": "projects.keyword",
        "pk": 3,
        "fields": {
            "word": "Celery",
            "_projects": [
                2,
                1
            ]
        }
    },
    {
        "model": "projects.keyword",
        "pk": 4,
        "fields": {
            "word": "Vue.js",
            "_projects": [
                2,
                1
            ]
        }
    },
    {
        "model": "projects.keyword",
        "pk": 5,
        "fields": {
            "word": "REST API",
            "_projects": [
                2,
                1
            ]
        }
    },
    {
        "model": "blog.post",
        "pk": 5,
        "fields": {
            "title": "Post Title 1",
            "subtitle": "Post Subtitle 1",
            "contents": "A long-form description for this project has yet to be added.",
            "datetime_created": "2021-01-02T21:29:02.551Z",
            "datetime_changed": "2021-01-03T17:54:26.591Z",
            "project": null
        }
    },
    {
        "model": "blog.post",
        "pk": 6,
        "fields": {
            "title": "Post Title 2",
            "subtitle": "Post Subtitle 2",
            "contents": "A long-form description for this project has yet to be added.",
            "datetime_created": "2021-01-02T21:39:27.776Z",
            "datetime_changed": "2021-01-03T17:54:30.698Z",
            "project": null
        }
    },
    {
        "model": "blog.post",
        "pk": 7,
        "fields": {
            "title": "Post Title 3",
            "subtitle": "Post Subtitle 3",
            "contents": "A long-form description for this project has yet to be added.",
            "datetime_created": "2021-01-02T21:39:29.141Z",
            "datetime_changed": "2021-01-03T17:54:34.998Z",
            "project": null
        }
    },
    {
        "model": "blog.post",
        "pk": 8,
        "fields": {
            "title": "Post Title 4",
            "subtitle": "Post Subtitle 4",
            "contents": "A long-form description for this project has yet to be added.",
            "datetime_created": "2021-01-02T21:39:30.343Z",
            "datetime_changed": "2021-01-03T17:54:39.796Z",
            "project": null
        }
    },
    {
        "model": "blog.post",
        "pk": 9,
        "fields": {
            "title": "Post Title 5",
            "subtitle": "Post Subtitle 5",
            "contents": "A long-form description for this project has yet to be added.",
            "datetime_created": "2021-01-02T21:39:31.453Z",
            "datetime_changed": "2021-01-03T17:54:44.043Z",
            "project": null
        }
    },
    {
        "model": "blog.post",
        "pk": 10,
        "fields": {
            "title": "Post Title 6",
            "subtitle": "Post Subtitle 6",
            "contents": "A long-form description for this project has yet to be added.",
            "datetime_created": "2021-01-02T21:39:32.730Z",
            "datetime_changed": "2021-01-03T17:54:48.472Z",
            "project": null
        }
    },
    {
        "model": "blog.post",
        "pk": 11,
        "fields": {
            "title": "Post Title 7",
            "subtitle": "Post Subtitle 7",
            "contents": "A long-form description for this project has yet to be added.",
            "datetime_created": "2021-01-02T21:39:35.477Z",
            "datetime_changed": "2021-01-03T17:54:52.590Z",
            "project": null
        }
    },
    {
        "model": "blog.post",
        "pk": 12,
        "fields": {
            "title": "Post Title 8",
            "subtitle": "Post Subtitle 8",
            "contents": "A long-form description for this project has yet to be added.",
            "datetime_created": "2021-01-02T21:39:37.186Z",
            "datetime_changed": "2021-01-03T17:54:57.237Z",
            "project": null
        }
    },
    {
        "model": "blog.post",
        "pk": 13,
        "fields": {
            "title": "Post Title 9",
            "subtitle": "Post Subtitle 9",
            "contents": "A long-form description for this project has yet to be added.",
            "datetime_created": "2021-01-02T21:39:38.634Z",
            "datetime_changed": "2021-01-03T17:55:00.975Z",
            "project": null
        }
    },
    {
        "model": "blog.post",
        "pk": 14,
        "fields": {
            "title": "Post Title 10",
            "subtitle": "Post Subtitle 10",
            "contents": "A long-form description for this project has yet to be added.",
            "datetime_created": "2021-01-02T21:39:39.761Z",
            "datetime_changed": "2021-01-03T17:55:07.317Z",
            "project": null
        }
    },
    {
        "model": "blog.post",
        "pk": 15,
        "fields": {
            "title": "Post Title 11",
            "subtitle": "Post Subtitle 11",
            "contents": "A long-form description for this project has yet to be added.",
            "datetime_created": "2021-01-02T21:39:41.113Z",
            "datetime_changed": "2021-01-03T17:55:12.002Z",
            "project": null
        }
    },
    {
        "model": "blog.post",
        "pk": 16,
        "fields": {
            "title": "Post Title 12",
            "subtitle": "Post Subtitle 12",
            "contents": "A long-form description for this project has yet to be added.",
            "datetime_created": "2021-01-02T21:39:47.254Z",
            "datetime_changed": "2021-01-03T17:55:16.286Z",
            "project": null
        }
    },
    {
        "model": "blog.post",
        "pk": 17,
        "fields": {
            "title": "Post Title 13",
            "subtitle": "Post Subtitle 13",
            "contents": "A long-form description for this project has yet to be added.",
            "datetime_created": "2021-01-02T21:39:48.459Z",
            "datetime_changed": "2021-01-03T17:55:20.886Z",
            "project": null
        }
    },
    {
        "model": "blog.post",
        "pk": 18,
        "fields": {
            "title": "Post Title 14",
            "subtitle": "Post Subtitle 14",
            "contents": "A long-form description for this project has yet to be added.",
            "datetime_created": "2021-01-03T17:49:28.634Z",
            "datetime_changed": "2021-01-03T17:55:25.159Z",
            "project": null
        }
    },
    {
        "model": "blog.post",
        "pk": 19,
        "fields": {
            "title": "Post Title 15",
            "subtitle": "Post Subtitle 15",
            "contents": "A long-form description for this project has yet to be added.",
            "datetime_created": "2021-01-03T17:49:31.796Z",
            "datetime_changed": "2021-01-03T17:55:30.088Z",
            "project": null
        }
    },
    {
        "model": "blog.post",
        "pk": 20,
        "fields": {
            "title": "Post Title 16",
            "subtitle": "Post Subtitle 16",
            "contents": "A long-form description for this project has yet to be added.",
            "datetime_created": "2021-01-03T17:49:32.691Z",
            "datetime_changed": "2021-01-03T17:55:35.648Z",
            "project": null
        }
    },
    {
        "model": "blog.post",
        "pk": 21,
        "fields": {
            "title": "Post Title 17",
            "subtitle": "Post Subtitle 17",
            "contents": "A long-form description for this project has yet to be added.",
            "datetime_created": "2021-01-03T17:49:33.297Z",
            "datetime_changed": "2021-01-03T17:55:39.852Z",
            "project": null
        }
    },
    {
        "model": "blog.post",
        "pk": 22,
        "fields": {
            "title": "Post Title 18",
            "subtitle": "Post Subtitle 18",
            "contents": "A long-form description for this project has yet to be added.",
            "datetime_created": "2021-01-03T17:49:33.695Z",
            "datetime_changed": "2021-01-03T17:55:44.677Z",
            "project": null
        }
    },
    {
        "model": "blog.post",
        "pk": 23,
        "fields": {
            "title": "Post Title 19",
            "subtitle": "Post Subtitle 19",
            "contents": "A long-form description for this project has yet to be added.",
            "datetime_created": "2021-01-03T17:49:34.078Z",
            "datetime_changed": "2021-01-03T17:55:49.909Z",
            "project": null
        }
    },
    {
        "model": "blog.post",
        "pk": 24,
        "fields": {
            "title": "Post Title 20",
            "subtitle": "Post Subtitle 20",
            "contents": "A long-form description for this project has yet to be added.",
            "datetime_created": "2021-01-03T17:49:34.478Z",
            "datetime_changed": "2021-01-03T17:55:55.019Z",
            "project": null
        }
    },
    {
        "model": "blog.post",
        "pk": 25,
        "fields": {
            "title": "Post Title 21",
            "subtitle": "Post Subtitle 21",
            "contents": "A long-form description for this project has yet to be added.",
            "datetime_created": "2021-01-03T17:49:34.855Z",
            "datetime_changed": "2021-01-03T17:55:59.868Z",
            "project": null
        }
    },
    {
        "model": "blog.post",
        "pk": 26,
        "fields": {
            "title": "Post Title 22",
            "subtitle": "Post Subtitle 22",
            "contents": "A long-form description for this project has yet to be added.",
            "datetime_created": "2021-01-03T17:49:35.234Z",
            "datetime_changed": "2021-01-03T17:56:04.358Z",
            "project": null
        }
    },
    {
        "model": "blog.post",
        "pk": 27,
        "fields": {
            "title": "Post Title 23",
            "subtitle": "Post Subtitle 23",
            "contents": "A long-form description for this project has yet to be added.",
            "datetime_created": "2021-01-03T17:49:35.547Z",
            "datetime_changed": "2021-01-03T17:56:08.792Z",
            "project": null
        }
    },
    {
        "model": "blog.post",
        "pk": 28,
        "fields": {
            "title": "Post Title 24",
            "subtitle": "Post Subtitle 24",
            "contents": "A long-form description for this project has yet to be added.",
            "datetime_created": "2021-01-03T17:49:35.869Z",
            "datetime_changed": "2021-01-03T17:56:13.159Z",
            "project": null
        }
    },
    {
        "model": "blog.post",
        "pk": 29,
        "fields": {
            "title": "Post Title 25",
            "subtitle": "Post Subtitle 25",
            "contents": "A long-form description for this project has yet to be added.",
            "datetime_created": "2021-01-03T17:49:36.253Z",
            "datetime_changed": "2021-01-03T17:56:17.608Z",
            "project": null
        }
    },
    {
        "model": "blog.post",
        "pk": 30,
        "fields": {
            "title": "Post Title 26",
            "subtitle": "Post Subtitle 26",
            "contents": "A long-form description for this project has yet to be added.",
            "datetime_created": "2021-01-03T17:49:36.713Z",
            "datetime_changed": "2021-01-03T17:56:23.954Z",
            "project": null
        }
    },
    {
        "model": "blog.post",
        "pk": 31,
        "fields": {
            "title": "Post Title 27",
            "subtitle": "Post Subtitle 27",
            "contents": "A long-form description for this project has yet to be added.",
            "datetime_created": "2021-01-03T17:49:37.120Z",
            "datetime_changed": "2021-01-03T17:56:29.737Z",
            "project": null
        }
    },
    {
        "model": "blog.post",
        "pk": 32,
        "fields": {
            "title": "Post Title 28",
            "subtitle": "Post Subtitle 28",
            "contents": "A long-form description for this project has yet to be added.",
            "datetime_created": "2021-01-03T17:49:37.504Z",
            "datetime_changed": "2021-01-03T17:56:33.921Z",
            "project": null
        }
    },
    {
        "model": "blog.post",
        "pk": 33,
        "fields": {
            "title": "Post Title 29",
            "subtitle": "Post Subtitle 29",
            "contents": "A long-form description for this project has yet to be added.",
            "datetime_created": "2021-01-03T17:49:37.947Z",
            "datetime_changed": "2021-01-03T17:56:38.811Z",
            "project": null
        }
    },
    {
        "model": "blog.post",
        "pk": 34,
        "fields": {
            "title": "Post Title 30",
            "subtitle": "Post Subtitle 30",
            "contents": "A long-form description for this project has yet to be added.",
            "datetime_created": "2021-01-03T17:49:38.447Z",
            "datetime_changed": "2021-01-03T17:56:43.638Z",
            "project": null
        }
    },
    {
        "model": "blog.post",
        "pk": 35,
        "fields": {
            "title": "Post Title 31",
            "subtitle": "Post Subtitle 31",
            "contents": "A long-form description for this project has yet to be added.",
            "datetime_created": "2021-01-03T17:49:39.029Z",
            "datetime_changed": "2021-01-03T17:56:47.885Z",
            "project": null
        }
    },
    {
        "model": "blog.post",
        "pk": 36,
        "fields": {
            "title": "Post Title 32",
            "subtitle": "Post Subtitle 32",
            "contents": "A long-form description for this project has yet to be added.",
            "datetime_created": "2021-01-03T17:49:39.487Z",
            "datetime_changed": "2021-01-03T17:56:51.614Z",
            "project": null
        }
    },
    {
        "model": "blog.post",
        "pk": 37,
        "fields": {
            "title": "Post Title 33",
            "subtitle": "Post Subtitle 33",
            "contents": "A long-form description for this project has yet to be added.",
            "datetime_created": "2021-01-03T17:49:40.075Z",
            "datetime_changed": "2021-01-03T17:56:55.373Z",
            "project": null
        }
    },
    {
        "model": "blog.post",
        "pk": 38,
        "fields": {
            "title": "Post Title 34",
            "subtitle": "Post Subtitle 34",
            "contents": "A long-form description for this project has yet to be added.",
            "datetime_created": "2021-01-03T17:49:40.500Z",
            "datetime_changed": "2021-01-03T17:57:00.010Z",
            "project": null
        }
    },
    {
        "model": "blog.post",
        "pk": 39,
        "fields": {
            "title": "Post Title 35",
            "subtitle": "Post Subtitle 35",
            "contents": "A long-form description for this project has yet to be added.",
            "datetime_created": "2021-01-03T17:49:40.896Z",
            "datetime_changed": "2021-01-03T17:57:04.675Z",
            "project": null
        }
    },
    {
        "model": "blog.post",
        "pk": 40,
        "fields": {
            "title": "Post Title 36",
            "subtitle": "Post Subtitle 36",
            "contents": "A long-form description for this project has yet to be added.",
            "datetime_created": "2021-01-03T17:49:41.316Z",
            "datetime_changed": "2021-01-03T17:57:09.622Z",
            "project": null
        }
    },
    {
        "model": "blog.post",
        "pk": 41,
        "fields": {
            "title": "Post Title 37",
            "subtitle": "Post Subtitle 37",
            "contents": "A long-form description for this project has yet to be added.",
            "datetime_created": "2021-01-03T17:49:41.714Z",
            "datetime_changed": "2021-01-03T17:57:13.618Z",
            "project": null
        }
    },
    {
        "model": "blog.post",
        "pk": 42,
        "fields": {
            "title": "Post Title 38",
            "subtitle": "Post Subtitle 38",
            "contents": "A long-form description for this project has yet to be added.",
            "datetime_created": "2021-01-03T17:49:42.146Z",
            "datetime_changed": "2021-01-03T17:57:18.239Z",
            "project": null
        }
    },
    {
        "model": "blog.post",
        "pk": 43,
        "fields": {
            "title": "Post Title 39",
            "subtitle": "Post Subtitle 39",
            "contents": "A long-form description for this project has yet to be added.",
            "datetime_created": "2021-01-03T17:49:42.529Z",
            "datetime_changed": "2021-01-03T17:57:22.356Z",
            "project": null
        }
    },
    {
        "model": "blog.post",
        "pk": 44,
        "fields": {
            "title": "Post Title 40",
            "subtitle": "Post Subtitle 40",
            "contents": "A long-form description for this project has yet to be added.",
            "datetime_created": "2021-01-03T17:49:42.919Z",
            "datetime_changed": "2021-01-03T17:57:29.197Z",
            "project": null
        }
    },
    {
        "model": "blog.post",
        "pk": 45,
        "fields": {
            "title": "Post Title 41",
            "subtitle": "Post Subtitle 41",
            "contents": "A long-form description for this project has yet to be added.",
            "datetime_created": "2021-01-03T17:49:43.347Z",
            "datetime_changed": "2021-01-03T17:57:32.906Z",
            "project": null
        }
    },
    {
        "model": "blog.post",
        "pk": 46,
        "fields": {
            "title": "Post Title 42",
            "subtitle": "Post Subtitle 42",
            "contents": "A long-form description for this project has yet to be added.",
            "datetime_created": "2021-01-03T17:49:43.779Z",
            "datetime_changed": "2021-01-03T17:57:36.851Z",
            "project": null
        }
    },
    {
        "model": "blog.post",
        "pk": 47,
        "fields": {
            "title": "Post Title 43",
            "subtitle": "Post Subtitle 43",
            "contents": "A long-form description for this project has yet to be added.",
            "datetime_created": "2021-01-03T17:49:44.139Z",
            "datetime_changed": "2021-01-03T17:57:43.246Z",
            "project": null
        }
    },
    {
        "model": "blog.post",
        "pk": 48,
        "fields": {
            "title": "Post Title 44",
            "subtitle": "Post Subtitle 44",
            "contents": "A long-form description for this project has yet to be added.",
            "datetime_created": "2021-01-03T17:49:44.474Z",
            "datetime_changed": "2021-01-03T17:57:47.191Z",
            "project": null
        }
    },
    {
        "model": "blog.post",
        "pk": 49,
        "fields": {
            "title": "Post Title 45",
            "subtitle": "Post Subtitle 45",
            "contents": "A long-form description for this project has yet to be added.",
            "datetime_created": "2021-01-03T17:49:44.789Z",
            "datetime_changed": "2021-01-03T17:57:52.745Z",
            "project": null
        }
    },
    {
        "model": "blog.post",
        "pk": 50,
        "fields": {
            "title": "Post Title 46",
            "subtitle": "Post Subtitle 46",
            "contents": "A long-form description for this project has yet to be added.",
            "datetime_created": "2021-01-03T17:49:45.155Z",
            "datetime_changed": "2021-01-03T17:57:56.442Z",
            "project": null
        }
    }
]